ESPCode,ESP Qty,ESP Price,ESP_Total$
ESP_001,4,843,3372
ESP_001,4,843,3372
ESP_001,4,843,3372
ESP_001,6,843,5058
ESP_001,10,843,8430
ESP_001,5,843,4215
ESP_001,4,843,3372
ESP_001,4,843,3372
ESP_001,3,843,2529
ESP_001,2,843,1686
ESP_001,1,843,843
ESP_001,1,843,843
ESP_001,0,843,0
ESP_001,1,843,843
ESP_001,2,843,1686
ESP_001,3,843,2529
ESP_001,5,843,4215
ESP_001,4,843,3372
ESP_001,4,843,3372
ESP_001,3,843,2529
ESP_001,4,843,3372
ESP_001,5,843,4215
ESP_001,6,843,5058
ESP_001,7,843,5901
ESP_001,6,843,5058
ESP_001,5,843,4215
ESP_001,6,843,5058
ESP_001,4,843,3372
ESP_001,4,843,3372
ESP_001,5,843,4215
ESP_001,8,843,6744
ESP_001,9,843,7587
ESP_001,11,843,9273
ESP_001,9,843,7587
ESP_001,6,843,5058
ESP_001,4,843,3372
ESP_001,6,843,5058
ESP_001,5,843,4215
ESP_001,5,843,4215
ESP_001,4,843,3372
ESP_001,2,843,1686
ESP_001,3,843,2529
ESP_001,2,843,1686
ESP_001,3,843,2529
ESP_001,1,843,843
ESP_001,1,843,843
ESP_001,1,843,843
ESP_001,0,843,0
ESP_001,0,843,0
ESP_001,0,843,0
ESP_001,0,843,0
ESP_001,0,843,0
ESP_001,0,843,0
ESP_001,1,843,843
ESP_001,1,843,843
ESP_001,3,843,2529
ESP_001,3,843,2529
ESP_001,4,843,3372
ESP_001,3,843,2529
ESP_001,5,843,4215
ESP_001,7,843,5901
ESP_001,5,843,4215
ESP_001,3,843,2529
ESP_001,2,843,1686
ESP_001,2,843,1686
ESP_001,3,843,2529
ESP_001,3,843,2529
ESP_001,5,843,4215
ESP_001,5,843,4215
ESP_001,5,843,4215
ESP_001,6,843,5058
ESP_001,6,843,5058
ESP_001,6,843,5058
ESP_001,6,843,5058
ESP_001,7,843,5901
ESP_001,9,843,7587
ESP_001,8,843,6744
ESP_001,7,843,5901
ESP_001,6,843,5058
ESP_001,7,843,5901
ESP_001,7,843,5901
ESP_001,6,843,5058
ESP_001,11,843,9273
ESP_001,5,843,4215
ESP_001,7,843,5901
ESP_001,9,843,7587
ESP_001,4,843,3372
ESP_001,5,843,4215
ESP_001,4,843,3372
ESP_001,2,843,1686
ESP_001,4,843,3372
ESP_001,3,843,2529
ESP_001,3,843,2529
ESP_001,4,843,3372
ESP_001,4,843,3372
ESP_001,5,843,4215
ESP_001,3,843,2529
ESP_001,4,843,3372
ESP_001,3,843,2529
ESP_001,3,843,2529
ESP_001,2,843,1686
ESP_001,2,843,1686
ESP_001,2,843,1686
ESP_001,2,843,1686
ESP_001,9,843,7587
ESP_001,8,843,6744
ESP_001,10,843,8430
ESP_001,9,843,7587
ESP_001,11,843,9273
ESP_001,9,843,7587
ESP_001,11,843,9273
ESP_001,11,843,9273
ESP_001,8,843,6744
ESP_001,9,843,7587
ESP_001,7,843,5901
ESP_001,8,843,6744
ESP_001,8,843,6744
ESP_001,7,843,5901
ESP_001,8,843,6744
ESP_001,9,843,7587
ESP_001,7,843,5901
ESP_001,7,843,5901
ESP_001,8,843,6744
ESP_001,9,843,7587
ESP_001,10,843,8430
ESP_001,12,843,10116
ESP_001,12,843,10116
ESP_001,12,843,10116
ESP_001,11,843,9273
ESP_001,9,843,7587
ESP_001,9,843,7587
ESP_001,13,843,10959
ESP_001,9,843,7587
ESP_001,7,843,5901
ESP_001,12,843,10116
ESP_001,9,843,7587
ESP_001,10,843,8430
ESP_001,6,843,5058
ESP_001,14,843,11802
ESP_001,8,843,6744
ESP_001,8,843,6744
ESP_001,7,843,5901
ESP_001,10,843,8430
ESP_001,10,843,8430
ESP_001,8,843,6744
ESP_001,8,843,6744
ESP_001,15,843,12645
ESP_001,10,843,8430
ESP_001,12,843,10116
ESP_001,8,843,6744
ESP_001,10,843,8430
ESP_001,10,843,8430
ESP_001,11,843,9273
ESP_001,7,843,5901
ESP_001,7,843,5901
ESP_001,6,843,5058
ESP_001,10,843,8430
ESP_001,12,843,10116
ESP_001,10,843,8430
ESP_001,11,843,9273
ESP_001,9,843,7587
ESP_001,10,843,8430
ESP_001,10,843,8430
ESP_001,10,843,8430
ESP_001,14,843,11802
ESP_001,11,843,9273
ESP_001,10,843,8430
ESP_001,5,843,4215
ESP_001,7,843,5901
ESP_001,6,843,5058
ESP_001,6,843,5058
ESP_001,9,843,7587
ESP_001,10,843,8430
ESP_001,13,843,10959
ESP_001,10,843,8430
ESP_001,9,843,7587
ESP_001,13,843,10959
ESP_001,10,843,8430
ESP_001,11,843,9273
ESP_001,18,843,15174
ESP_001,17,843,14331
ESP_001,18,843,15174
ESP_001,9,843,7587
ESP_001,8,843,6744
ESP_001,15,843,12645
ESP_001,8,843,6744
ESP_001,11,843,9273
ESP_001,12,843,10116
ESP_001,13,843,10959
ESP_001,10,843,8430
ESP_001,11,843,9273
ESP_001,10,843,8430
ESP_001,9,843,7587
ESP_001,12,843,10116
ESP_001,6,843,5058
ESP_001,9,843,7587
ESP_001,13,843,10959
ESP_001,9,843,7587
ESP_001,13,843,10959
ESP_001,11,843,9273
ESP_001,9,843,7587
ESP_001,10,843,8430
ESP_001,11,843,9273
ESP_001,11,843,9273
ESP_001,10,843,8430
ESP_001,10,843,8430
ESP_001,14,843,11802
ESP_001,17,843,14331
ESP_001,3,843,2529
ESP_001,3,843,2529
ESP_001,4,843,3372
ESP_001,3,843,2529
ESP_001,4,843,3372
ESP_001,3,843,2529
ESP_001,2,843,1686
ESP_001,1,843,843
ESP_001,1,843,843
ESP_001,2,843,1686
ESP_001,4,843,3372
ESP_001,5,843,4215
ESP_001,6,843,5058
ESP_001,4,843,3372
ESP_001,4,843,3372
ESP_001,3,843,2529
ESP_001,2,843,1686
ESP_001,2,843,1686
ESP_001,2,843,1686
ESP_001,2,843,1686
ESP_001,2,843,1686
ESP_001,2,843,1686
ESP_001,4,843,3372
ESP_001,4,843,3372
ESP_001,5,843,4215
ESP_001,3,843,2529
ESP_001,3,843,2529
ESP_001,3,843,2529
ESP_001,4,843,3372
ESP_001,5,843,4215
ESP_001,5,843,4215
ESP_001,5,843,4215
ESP_001,7,843,5901
ESP_001,5,843,4215
ESP_001,5,843,4215
ESP_001,5,843,4215
ESP_001,4,843,3372
ESP_001,5,843,4215
ESP_001,4,843,3372
ESP_001,3,843,2529
ESP_001,2,843,1686
ESP_001,2,843,1686
ESP_001,2,843,1686
ESP_001,3,843,2529
ESP_001,2,843,1686
ESP_001,2,843,1686
ESP_001,2,843,1686
ESP_001,2,843,1686
ESP_001,1,843,843
ESP_001,2,843,1686
ESP_001,2,843,1686
ESP_001,1,843,843
ESP_001,2,843,1686
ESP_001,3,843,2529
ESP_001,4,843,3372
ESP_001,4,843,3372
ESP_001,3,843,2529
ESP_001,4,843,3372
ESP_001,3,843,2529
ESP_001,2,843,1686
ESP_001,1,843,843
ESP_001,1,843,843
ESP_001,1,843,843
ESP_001,0,843,0
ESP_001,0,843,0
ESP_001,1,843,843
ESP_001,1,843,843
ESP_001,2,843,1686
ESP_001,2,843,1686
ESP_001,2,843,1686
ESP_001,4,843,3372
ESP_001,2,843,1686
ESP_001,3,843,2529
ESP_001,3,843,2529
ESP_001,4,843,3372
ESP_001,4,843,3372
ESP_001,5,843,4215
ESP_001,3,843,2529
ESP_001,3,843,2529
ESP_001,5,843,4215
ESP_001,6,843,5058
ESP_001,7,843,5901
ESP_001,5,843,4215
ESP_001,7,843,5901
ESP_001,10,843,8430
ESP_001,6,843,5058
ESP_001,7,843,5901
ESP_001,4,843,3372
ESP_001,2,843,1686
ESP_001,2,843,1686
ESP_001,1,843,843
ESP_001,1,843,843
ESP_001,1,843,843
ESP_001,1,843,843
ESP_001,1,843,843
ESP_001,0,843,0
ESP_001,1,843,843
ESP_001,0,843,0
ESP_001,0,843,0
ESP_001,0,843,0
ESP_001,0,843,0
ESP_001,0,843,0
ESP_001,0,843,0
ESP_001,0,843,0
ESP_001,6,843,5058
ESP_001,9,843,7587
ESP_001,8,843,6744
ESP_001,8,843,6744
ESP_001,6,843,5058
ESP_001,8,843,6744
ESP_001,6,843,5058
ESP_001,8,843,6744
ESP_001,7,843,5901
ESP_001,5,843,4215
ESP_001,8,843,6744
ESP_001,6,843,5058
ESP_001,6,843,5058
ESP_001,6,843,5058
ESP_001,7,843,5901
ESP_001,5,843,4215
ESP_001,5,843,4215
ESP_001,6,843,5058
ESP_001,7,843,5901
ESP_001,5,843,4215
ESP_001,6,843,5058
ESP_001,5,843,4215
ESP_001,8,843,6744
ESP_001,6,843,5058
ESP_001,5,843,4215
ESP_001,6,843,5058
ESP_001,7,843,5901
ESP_001,11,843,9273
ESP_001,15,843,12645
ESP_001,7,843,5901
ESP_001,13,843,10959
ESP_001,10,843,8430
ESP_001,8,843,6744
ESP_001,10,843,8430
ESP_001,10,843,8430
ESP_001,8,843,6744
ESP_001,5,843,4215
ESP_001,5,843,4215
ESP_001,4,843,3372
ESP_001,3,843,2529
ESP_001,2,843,1686
ESP_001,2,843,1686
ESP_001,4,843,3372
ESP_001,4,843,3372
ESP_001,5,843,4215
ESP_001,7,843,5901
ESP_001,8,843,6744
ESP_001,6,843,5058
ESP_001,3,843,2529
ESP_001,6,843,5058
ESP_001,4,843,3372
ESP_001,4,843,3372
ESP_001,4,843,3372
ESP_001,4,843,3372
ESP_001,2,843,1686
ESP_001,1,843,843
ESP_001,0,843,0
ESP_001,5,843,4215
ESP_001,8,843,6744
ESP_001,11,843,9273
ESP_001,12,843,10116
ESP_001,14,843,11802
ESP_001,10,843,8430
ESP_001,6,843,5058
ESP_001,3,843,2529
ESP_001,4,843,3372
ESP_001,4,843,3372
ESP_001,3,843,2529
ESP_001,4,843,3372
ESP_001,3,843,2529
ESP_001,3,843,2529
ESP_001,3,843,2529
ESP_001,4,843,3372
ESP_001,5,843,4215
ESP_001,5,843,4215
ESP_001,7,843,5901
ESP_001,7,843,5901
ESP_001,7,843,5901
ESP_001,11,843,9273
ESP_001,14,843,11802
ESP_001,21,843,17703
ESP_001,14,843,11802
ESP_001,11,843,9273
ESP_001,8,843,6744
ESP_001,8,843,6744
ESP_001,4,843,3372
ESP_001,4,843,3372
ESP_001,4,843,3372
ESP_001,4,843,3372
ESP_001,4,843,3372
ESP_001,3,843,2529
ESP_001,4,843,3372
ESP_001,3,843,2529
ESP_001,5,843,4215
ESP_001,7,843,5901
ESP_001,6,843,5058
ESP_001,6,843,5058
ESP_001,5,843,4215
ESP_001,6,843,5058
ESP_001,8,843,6744
ESP_001,4,843,3372
ESP_001,5,843,4215
ESP_001,8,843,6744
ESP_001,5,843,4215
ESP_001,2,843,1686
ESP_001,1,843,843
ESP_001,1,843,843
ESP_001,1,843,843
ESP_001,0,843,0
ESP_001,0,843,0
ESP_001,0,843,0
ESP_001,0,843,0
ESP_001,0,843,0
ESP_001,0,843,0
ESP_001,0,843,0
ESP_001,0,843,0
ESP_001,0,843,0
ESP_001,0,843,0
ESP_001,0,843,0
ESP_001,0,843,0
ESP_001,0,843,0
ESP_001,0,843,0
ESP_001,0,843,0
ESP_001,0,843,0
ESP_001,1,843,843
ESP_001,1,843,843
ESP_001,0,843,0
ESP_001,0,843,0
ESP_001,0,843,0
ESP_001,1,843,843
ESP_001,1,843,843
ESP_001,1,843,843
ESP_001,1,843,843
ESP_001,2,843,1686
ESP_001,1,843,843
ESP_001,2,843,1686
ESP_001,2,843,1686
ESP_001,2,843,1686
ESP_001,0,843,0
ESP_001,1,843,843
ESP_001,0,843,0
ESP_001,0,843,0
ESP_001,0,843,0
ESP_001,0,843,0
ESP_001,0,843,0
ESP_001,0,843,0
ESP_001,0,843,0
ESP_001,0,843,0
ESP_001,0,843,0
ESP_001,1,843,843
ESP_001,1,843,843
ESP_001,2,843,1686
ESP_001,2,843,1686
ESP_001,1,843,843
ESP_001,1,843,843
ESP_001,1,843,843
ESP_001,0,843,0
ESP_001,0,843,0
ESP_001,0,843,0
ESP_001,0,843,0
ESP_001,0,843,0
ESP_001,0,843,0
ESP_001,0,843,0
ESP_001,0,843,0
ESP_001,0,843,0
ESP_001,0,843,0
ESP_001,0,843,0
ESP_001,0,843,0
ESP_001,0,843,0
ESP_001,0,843,0
ESP_001,0,843,0
ESP_001,0,843,0
ESP_001,0,843,0
ESP_001,0,843,0
ESP_001,0,843,0
ESP_001,0,843,0
ESP_001,0,843,0
ESP_001,0,843,0
ESP_001,1,843,843
ESP_001,1,843,843
ESP_001,1,843,843
ESP_001,2,843,1686
ESP_001,1,843,843
ESP_001,1,843,843
ESP_001,0,843,0
ESP_001,1,843,843
ESP_001,1,843,843
ESP_001,1,843,843
ESP_001,2,843,1686
ESP_001,1,843,843
ESP_001,1,843,843
ESP_001,0,843,0
ESP_001,0,843,0
ESP_001,0,843,0
ESP_001,0,843,0
ESP_001,0,843,0
ESP_001,0,843,0
ESP_001,0,843,0
ESP_001,0,843,0
ESP_001,0,843,0
ESP_001,0,843,0
ESP_001,0,843,0
ESP_001,0,843,0
ESP_001,0,843,0
ESP_001,0,843,0
ESP_001,0,843,0
ESP_001,0,843,0
ESP_001,0,843,0
ESP_002,2,843,1686
ESP_002,4,843,3372
ESP_002,4,843,3372
ESP_002,4,843,3372
ESP_002,4,843,3372
ESP_002,3,843,2529
ESP_002,3,843,2529
ESP_002,3,843,2529
ESP_002,2,843,1686
ESP_002,2,843,1686
ESP_002,1,843,843
ESP_002,0,843,0
ESP_002,0,843,0
ESP_002,0,843,0
ESP_002,1,843,843
ESP_002,1,843,843
ESP_002,2,843,1686
ESP_002,1,843,843
ESP_002,1,843,843
ESP_002,0,843,0
ESP_002,0,843,0
ESP_002,2,843,1686
ESP_002,3,843,2529
ESP_002,5,843,4215
ESP_002,4,843,3372
ESP_002,3,843,2529
ESP_002,3,843,2529
ESP_002,4,843,3372
ESP_002,2,843,1686
ESP_002,4,843,3372
ESP_002,5,843,4215
ESP_002,6,843,5058
ESP_002,9,843,7587
ESP_002,9,843,7587
ESP_002,4,843,3372
ESP_002,6,843,5058
ESP_002,4,843,3372
ESP_002,4,843,3372
ESP_002,3,843,2529
ESP_002,2,843,1686
ESP_002,1,843,843
ESP_002,1,843,843
ESP_002,1,843,843
ESP_002,0,843,0
ESP_002,0,843,0
ESP_002,0,843,0
ESP_002,0,843,0
ESP_002,0,843,0
ESP_002,0,843,0
ESP_002,0,843,0
ESP_002,0,843,0
ESP_002,0,843,0
ESP_002,0,843,0
ESP_002,0,843,0
ESP_002,1,843,843
ESP_002,1,843,843
ESP_002,1,843,843
ESP_002,2,843,1686
ESP_002,1,843,843
ESP_002,1,843,843
ESP_002,2,843,1686
ESP_002,1,843,843
ESP_002,1,843,843
ESP_002,0,843,0
ESP_002,0,843,0
ESP_002,1,843,843
ESP_002,1,843,843
ESP_002,2,843,1686
ESP_002,3,843,2529
ESP_002,2,843,1686
ESP_002,4,843,3372
ESP_002,2,843,1686
ESP_002,2,843,1686
ESP_002,4,843,3372
ESP_002,4,843,3372
ESP_002,7,843,5901
ESP_002,5,843,4215
ESP_002,4,843,3372
ESP_002,5,843,4215
ESP_002,5,843,4215
ESP_002,6,843,5058
ESP_002,7,843,5901
ESP_002,7,843,5901
ESP_002,5,843,4215
ESP_002,5,843,4215
ESP_002,4,843,3372
ESP_002,3,843,2529
ESP_002,2,843,1686
ESP_002,3,843,2529
ESP_002,2,843,1686
ESP_002,1,843,843
ESP_002,1,843,843
ESP_002,1,843,843
ESP_002,1,843,843
ESP_002,2,843,1686
ESP_002,2,843,1686
ESP_002,2,843,1686
ESP_002,3,843,2529
ESP_002,2,843,1686
ESP_002,2,843,1686
ESP_002,1,843,843
ESP_002,1,843,843
ESP_002,1,843,843
ESP_002,1,843,843
ESP_002,6,843,5058
ESP_002,4,843,3372
ESP_002,5,843,4215
ESP_002,9,843,7587
ESP_002,7,843,5901
ESP_002,7,843,5901
ESP_002,8,843,6744
ESP_002,6,843,5058
ESP_002,6,843,5058
ESP_002,5,843,4215
ESP_002,5,843,4215
ESP_002,3,843,2529
ESP_002,3,843,2529
ESP_002,3,843,2529
ESP_002,2,843,1686
ESP_002,3,843,2529
ESP_002,3,843,2529
ESP_002,3,843,2529
ESP_002,4,843,3372
ESP_002,3,843,2529
ESP_002,4,843,3372
ESP_002,5,843,4215
ESP_002,4,843,3372
ESP_002,4,843,3372
ESP_002,7,843,5901
ESP_002,4,843,3372
ESP_002,5,843,4215
ESP_002,7,843,5901
ESP_002,6,843,5058
ESP_002,9,843,7587
ESP_002,8,843,6744
ESP_002,9,843,7587
ESP_002,8,843,6744
ESP_002,9,843,7587
ESP_002,7,843,5901
ESP_002,6,843,5058
ESP_002,6,843,5058
ESP_002,6,843,5058
ESP_002,8,843,6744
ESP_002,9,843,7587
ESP_002,6,843,5058
ESP_002,5,843,4215
ESP_002,4,843,3372
ESP_002,7,843,5901
ESP_002,6,843,5058
ESP_002,7,843,5901
ESP_002,8,843,6744
ESP_002,7,843,5901
ESP_002,7,843,5901
ESP_002,4,843,3372
ESP_002,4,843,3372
ESP_002,3,843,2529
ESP_002,4,843,3372
ESP_002,5,843,4215
ESP_002,4,843,3372
ESP_002,5,843,4215
ESP_002,7,843,5901
ESP_002,8,843,6744
ESP_002,6,843,5058
ESP_002,6,843,5058
ESP_002,7,843,5901
ESP_002,5,843,4215
ESP_002,5,843,4215
ESP_002,3,843,2529
ESP_002,4,843,3372
ESP_002,4,843,3372
ESP_002,3,843,2529
ESP_002,3,843,2529
ESP_002,3,843,2529
ESP_002,4,843,3372
ESP_002,4,843,3372
ESP_002,3,843,2529
ESP_002,4,843,3372
ESP_002,4,843,3372
ESP_002,8,843,6744
ESP_002,5,843,4215
ESP_002,7,843,5901
ESP_002,8,843,6744
ESP_002,5,843,4215
ESP_002,6,843,5058
ESP_002,6,843,5058
ESP_002,7,843,5901
ESP_002,8,843,6744
ESP_002,9,843,7587
ESP_002,10,843,8430
ESP_002,10,843,8430
ESP_002,7,843,5901
ESP_002,6,843,5058
ESP_002,8,843,6744
ESP_002,6,843,5058
ESP_002,7,843,5901
ESP_002,7,843,5901
ESP_002,5,843,4215
ESP_002,5,843,4215
ESP_002,6,843,5058
ESP_002,6,843,5058
ESP_002,6,843,5058
ESP_002,5,843,4215
ESP_002,4,843,3372
ESP_002,5,843,4215
ESP_002,3,843,2529
ESP_002,5,843,4215
ESP_002,4,843,3372
ESP_002,2,843,1686
ESP_002,2,843,1686
ESP_002,1,843,843
ESP_002,1,843,843
ESP_002,1,843,843
ESP_002,1,843,843
ESP_002,1,843,843
ESP_002,1,843,843
ESP_002,0,843,0
ESP_002,0,843,0
ESP_002,0,843,0
ESP_002,1,843,843
ESP_002,1,843,843
ESP_002,1,843,843
ESP_002,1,843,843
ESP_002,0,843,0
ESP_002,0,843,0
ESP_002,0,843,0
ESP_002,0,843,0
ESP_002,0,843,0
ESP_002,0,843,0
ESP_002,0,843,0
ESP_002,0,843,0
ESP_002,1,843,843
ESP_002,1,843,843
ESP_002,2,843,1686
ESP_002,3,843,2529
ESP_002,1,843,843
ESP_002,1,843,843
ESP_002,1,843,843
ESP_002,1,843,843
ESP_002,2,843,1686
ESP_002,1,843,843
ESP_002,2,843,1686
ESP_002,3,843,2529
ESP_002,3,843,2529
ESP_002,3,843,2529
ESP_002,2,843,1686
ESP_002,2,843,1686
ESP_002,1,843,843
ESP_002,1,843,843
ESP_002,1,843,843
ESP_002,1,843,843
ESP_002,1,843,843
ESP_002,1,843,843
ESP_002,0,843,0
ESP_002,0,843,0
ESP_002,0,843,0
ESP_002,0,843,0
ESP_002,1,843,843
ESP_002,1,843,843
ESP_002,1,843,843
ESP_002,1,843,843
ESP_002,1,843,843
ESP_002,1,843,843
ESP_002,1,843,843
ESP_002,1,843,843
ESP_002,2,843,1686
ESP_002,1,843,843
ESP_002,1,843,843
ESP_002,1,843,843
ESP_002,0,843,0
ESP_002,0,843,0
ESP_002,0,843,0
ESP_002,0,843,0
ESP_002,0,843,0
ESP_002,0,843,0
ESP_002,0,843,0
ESP_002,0,843,0
ESP_002,0,843,0
ESP_002,0,843,0
ESP_002,0,843,0
ESP_002,0,843,0
ESP_002,1,843,843
ESP_002,0,843,0
ESP_002,1,843,843
ESP_002,1,843,843
ESP_002,2,843,1686
ESP_002,2,843,1686
ESP_002,2,843,1686
ESP_002,2,843,1686
ESP_002,2,843,1686
ESP_002,3,843,2529
ESP_002,2,843,1686
ESP_002,3,843,2529
ESP_002,4,843,3372
ESP_002,3,843,2529
ESP_002,2,843,1686
ESP_002,1,843,843
ESP_002,1,843,843
ESP_002,0,843,0
ESP_002,0,843,0
ESP_002,0,843,0
ESP_002,0,843,0
ESP_002,0,843,0
ESP_002,0,843,0
ESP_002,0,843,0
ESP_002,0,843,0
ESP_002,0,843,0
ESP_002,0,843,0
ESP_002,0,843,0
ESP_002,0,843,0
ESP_002,0,843,0
ESP_002,0,843,0
ESP_002,0,843,0
ESP_002,2,843,1686
ESP_002,2,843,1686
ESP_002,3,843,2529
ESP_002,5,843,4215
ESP_002,7,843,5901
ESP_002,5,843,4215
ESP_002,3,843,2529
ESP_002,4,843,3372
ESP_002,5,843,4215
ESP_002,4,843,3372
ESP_002,5,843,4215
ESP_002,5,843,4215
ESP_002,6,843,5058
ESP_002,4,843,3372
ESP_002,4,843,3372
ESP_002,4,843,3372
ESP_002,4,843,3372
ESP_002,4,843,3372
ESP_002,4,843,3372
ESP_002,2,843,1686
ESP_002,1,843,843
ESP_002,2,843,1686
ESP_002,2,843,1686
ESP_002,4,843,3372
ESP_002,3,843,2529
ESP_002,4,843,3372
ESP_002,4,843,3372
ESP_002,6,843,5058
ESP_002,10,843,8430
ESP_002,6,843,5058
ESP_002,11,843,9273
ESP_002,6,843,5058
ESP_002,6,843,5058
ESP_002,8,843,6744
ESP_002,5,843,4215
ESP_002,2,843,1686
ESP_002,3,843,2529
ESP_002,2,843,1686
ESP_002,2,843,1686
ESP_002,1,843,843
ESP_002,0,843,0
ESP_002,0,843,0
ESP_002,1,843,843
ESP_002,2,843,1686
ESP_002,2,843,1686
ESP_002,3,843,2529
ESP_002,4,843,3372
ESP_002,3,843,2529
ESP_002,4,843,3372
ESP_002,3,843,2529
ESP_002,3,843,2529
ESP_002,2,843,1686
ESP_002,1,843,843
ESP_002,3,843,2529
ESP_002,1,843,843
ESP_002,1,843,843
ESP_002,0,843,0
ESP_002,4,843,3372
ESP_002,8,843,6744
ESP_002,8,843,6744
ESP_002,17,843,14331
ESP_002,12,843,10116
ESP_002,7,843,5901
ESP_002,3,843,2529
ESP_002,0,843,0
ESP_002,0,843,0
ESP_002,0,843,0
ESP_002,1,843,843
ESP_002,1,843,843
ESP_002,1,843,843
ESP_002,1,843,843
ESP_002,1,843,843
ESP_002,1,843,843
ESP_002,2,843,1686
ESP_002,4,843,3372
ESP_002,3,843,2529
ESP_002,5,843,4215
ESP_002,4,843,3372
ESP_002,14,843,11802
ESP_002,10,843,8430
ESP_002,13,843,10959
ESP_002,12,843,10116
ESP_002,5,843,4215
ESP_002,8,843,6744
ESP_002,4,843,3372
ESP_002,4,843,3372
ESP_002,4,843,3372
ESP_002,3,843,2529
ESP_002,3,843,2529
ESP_002,3,843,2529
ESP_002,2,843,1686
ESP_002,1,843,843
ESP_002,1,843,843
ESP_002,2,843,1686
ESP_002,3,843,2529
ESP_002,4,843,3372
ESP_002,4,843,3372
ESP_002,5,843,4215
ESP_002,4,843,3372
ESP_002,3,843,2529
ESP_002,3,843,2529
ESP_002,3,843,2529
ESP_002,3,843,2529
ESP_002,2,843,1686
ESP_002,0,843,0
ESP_002,0,843,0
ESP_002,0,843,0
ESP_002,0,843,0
ESP_002,0,843,0
ESP_002,0,843,0
ESP_002,0,843,0
ESP_002,0,843,0
ESP_002,0,843,0
ESP_002,0,843,0
ESP_002,0,843,0
ESP_002,0,843,0
ESP_002,0,843,0
ESP_002,0,843,0
ESP_002,0,843,0
ESP_002,0,843,0
ESP_002,0,843,0
ESP_002,0,843,0
ESP_002,0,843,0
ESP_002,0,843,0
ESP_002,1,843,843
ESP_002,1,843,843
ESP_002,0,843,0
ESP_002,0,843,0
ESP_002,0,843,0
ESP_002,0,843,0
ESP_002,1,843,843
ESP_002,1,843,843
ESP_002,2,843,1686
ESP_002,1,843,843
ESP_002,2,843,1686
ESP_002,1,843,843
ESP_002,0,843,0
ESP_002,1,843,843
ESP_002,0,843,0
ESP_002,0,843,0
ESP_002,0,843,0
ESP_002,0,843,0
ESP_002,0,843,0
ESP_002,0,843,0
ESP_002,0,843,0
ESP_002,0,843,0
ESP_002,0,843,0
ESP_002,0,843,0
ESP_002,0,843,0
ESP_002,0,843,0
ESP_002,0,843,0
ESP_002,1,843,843
ESP_002,1,843,843
ESP_002,1,843,843
ESP_002,1,843,843
ESP_002,1,843,843
ESP_002,0,843,0
ESP_002,0,843,0
ESP_002,0,843,0
ESP_002,0,843,0
ESP_002,0,843,0
ESP_002,0,843,0
ESP_002,0,843,0
ESP_002,0,843,0
ESP_002,0,843,0
ESP_002,0,843,0
ESP_002,0,843,0
ESP_002,0,843,0
ESP_002,0,843,0
ESP_002,0,843,0
ESP_002,0,843,0
ESP_002,0,843,0
ESP_002,0,843,0
ESP_002,0,843,0
ESP_002,0,843,0
ESP_002,0,843,0
ESP_002,0,843,0
ESP_002,0,843,0
ESP_002,1,843,843
ESP_002,0,843,0
ESP_002,1,843,843
ESP_002,1,843,843
ESP_002,0,843,0
ESP_002,0,843,0
ESP_002,0,843,0
ESP_002,0,843,0
ESP_002,0,843,0
ESP_002,1,843,843
ESP_002,1,843,843
ESP_002,1,843,843
ESP_002,0,843,0
ESP_002,0,843,0
ESP_002,0,843,0
ESP_002,0,843,0
ESP_002,0,843,0
ESP_002,0,843,0
ESP_002,0,843,0
ESP_002,0,843,0
ESP_002,0,843,0
ESP_002,0,843,0
ESP_002,0,843,0
ESP_002,0,843,0
ESP_002,0,843,0
ESP_002,0,843,0
ESP_002,0,843,0
ESP_002,0,843,0
ESP_002,0,843,0
ESP_002,0,843,0
ESP_003,4,978,3912
ESP_003,5,978,4890
ESP_003,4,978,3912
ESP_003,6,978,5868
ESP_003,5,978,4890
ESP_003,5,978,4890
ESP_003,5,978,4890
ESP_003,6,978,5868
ESP_003,4,978,3912
ESP_003,3,978,2934
ESP_003,3,978,2934
ESP_003,1,978,978
ESP_003,0,978,0
ESP_003,1,978,978
ESP_003,1,978,978
ESP_003,2,978,1956
ESP_003,3,978,2934
ESP_003,2,978,1956
ESP_003,4,978,3912
ESP_003,3,978,2934
ESP_003,3,978,2934
ESP_003,4,978,3912
ESP_003,6,978,5868
ESP_003,6,978,5868
ESP_003,7,978,6846
ESP_003,5,978,4890
ESP_003,5,978,4890
ESP_003,5,978,4890
ESP_003,5,978,4890
ESP_003,5,978,4890
ESP_003,8,978,7824
ESP_003,8,978,7824
ESP_003,12,978,11736
ESP_003,11,978,10758
ESP_003,7,978,6846
ESP_003,5,978,4890
ESP_003,4,978,3912
ESP_003,4,978,3912
ESP_003,3,978,2934
ESP_003,3,978,2934
ESP_003,3,978,2934
ESP_003,2,978,1956
ESP_003,2,978,1956
ESP_003,2,978,1956
ESP_003,1,978,978
ESP_003,1,978,978
ESP_003,1,978,978
ESP_003,1,978,978
ESP_003,0,978,0
ESP_003,0,978,0
ESP_003,0,978,0
ESP_003,0,978,0
ESP_003,0,978,0
ESP_003,1,978,978
ESP_003,1,978,978
ESP_003,3,978,2934
ESP_003,3,978,2934
ESP_003,3,978,2934
ESP_003,3,978,2934
ESP_003,5,978,4890
ESP_003,4,978,3912
ESP_003,4,978,3912
ESP_003,4,978,3912
ESP_003,3,978,2934
ESP_003,2,978,1956
ESP_003,2,978,1956
ESP_003,3,978,2934
ESP_003,5,978,4890
ESP_003,4,978,3912
ESP_003,4,978,3912
ESP_003,5,978,4890
ESP_003,4,978,3912
ESP_003,5,978,4890
ESP_003,6,978,5868
ESP_003,5,978,4890
ESP_003,5,978,4890
ESP_003,7,978,6846
ESP_003,5,978,4890
ESP_003,5,978,4890
ESP_003,5,978,4890
ESP_003,6,978,5868
ESP_003,7,978,6846
ESP_003,7,978,6846
ESP_003,4,978,3912
ESP_003,6,978,5868
ESP_003,6,978,5868
ESP_003,6,978,5868
ESP_003,4,978,3912
ESP_003,4,978,3912
ESP_003,5,978,4890
ESP_003,6,978,5868
ESP_003,4,978,3912
ESP_003,3,978,2934
ESP_003,3,978,2934
ESP_003,2,978,1956
ESP_003,2,978,1956
ESP_003,3,978,2934
ESP_003,3,978,2934
ESP_003,3,978,2934
ESP_003,2,978,1956
ESP_003,2,978,1956
ESP_003,2,978,1956
ESP_003,1,978,978
ESP_003,1,978,978
ESP_003,3,978,2934
ESP_003,7,978,6846
ESP_003,5,978,4890
ESP_003,7,978,6846
ESP_003,8,978,7824
ESP_003,7,978,6846
ESP_003,9,978,8802
ESP_003,7,978,6846
ESP_003,7,978,6846
ESP_003,4,978,3912
ESP_003,4,978,3912
ESP_003,3,978,2934
ESP_003,3,978,2934
ESP_003,3,978,2934
ESP_003,3,978,2934
ESP_003,4,978,3912
ESP_003,5,978,4890
ESP_003,4,978,3912
ESP_003,5,978,4890
ESP_003,4,978,3912
ESP_003,5,978,4890
ESP_003,5,978,4890
ESP_003,7,978,6846
ESP_003,6,978,5868
ESP_003,7,978,6846
ESP_003,6,978,5868
ESP_003,5,978,4890
ESP_003,6,978,5868
ESP_003,6,978,5868
ESP_003,8,978,7824
ESP_003,7,978,6846
ESP_003,6,978,5868
ESP_003,6,978,5868
ESP_003,7,978,6846
ESP_003,5,978,4890
ESP_003,6,978,5868
ESP_003,7,978,6846
ESP_003,6,978,5868
ESP_003,4,978,3912
ESP_003,6,978,5868
ESP_003,8,978,7824
ESP_003,6,978,5868
ESP_003,7,978,6846
ESP_003,9,978,8802
ESP_003,6,978,5868
ESP_003,5,978,4890
ESP_003,6,978,5868
ESP_003,6,978,5868
ESP_003,4,978,3912
ESP_003,6,978,5868
ESP_003,5,978,4890
ESP_003,2,978,1956
ESP_003,5,978,4890
ESP_003,4,978,3912
ESP_003,6,978,5868
ESP_003,8,978,7824
ESP_003,10,978,9780
ESP_003,8,978,7824
ESP_003,8,978,7824
ESP_003,5,978,4890
ESP_003,7,978,6846
ESP_003,8,978,7824
ESP_003,4,978,3912
ESP_003,5,978,4890
ESP_003,4,978,3912
ESP_003,4,978,3912
ESP_003,3,978,2934
ESP_003,4,978,3912
ESP_003,4,978,3912
ESP_003,3,978,2934
ESP_003,4,978,3912
ESP_003,5,978,4890
ESP_003,5,978,4890
ESP_003,5,978,4890
ESP_003,6,978,5868
ESP_003,9,978,8802
ESP_003,7,978,6846
ESP_003,4,978,3912
ESP_003,6,978,5868
ESP_003,7,978,6846
ESP_003,10,978,9780
ESP_003,7,978,6846
ESP_003,10,978,9780
ESP_003,10,978,9780
ESP_003,7,978,6846
ESP_003,6,978,5868
ESP_003,7,978,6846
ESP_003,7,978,6846
ESP_003,5,978,4890
ESP_003,5,978,4890
ESP_003,3,978,2934
ESP_003,5,978,4890
ESP_003,6,978,5868
ESP_003,6,978,5868
ESP_003,6,978,5868
ESP_003,5,978,4890
ESP_003,7,978,6846
ESP_003,4,978,3912
ESP_003,6,978,5868
ESP_003,6,978,5868
ESP_003,5,978,4890
ESP_003,2,978,1956
ESP_003,4,978,3912
ESP_003,3,978,2934
ESP_003,2,978,1956
ESP_003,2,978,1956
ESP_003,3,978,2934
ESP_003,3,978,2934
ESP_003,3,978,2934
ESP_003,4,978,3912
ESP_003,2,978,1956
ESP_003,2,978,1956
ESP_003,1,978,978
ESP_003,1,978,978
ESP_003,1,978,978
ESP_003,3,978,2934
ESP_003,2,978,1956
ESP_003,2,978,1956
ESP_003,2,978,1956
ESP_003,1,978,978
ESP_003,1,978,978
ESP_003,1,978,978
ESP_003,1,978,978
ESP_003,1,978,978
ESP_003,1,978,978
ESP_003,1,978,978
ESP_003,2,978,1956
ESP_003,2,978,1956
ESP_003,2,978,1956
ESP_003,2,978,1956
ESP_003,2,978,1956
ESP_003,1,978,978
ESP_003,2,978,1956
ESP_003,3,978,2934
ESP_003,2,978,1956
ESP_003,3,978,2934
ESP_003,2,978,1956
ESP_003,3,978,2934
ESP_003,3,978,2934
ESP_003,3,978,2934
ESP_003,3,978,2934
ESP_003,4,978,3912
ESP_003,2,978,1956
ESP_003,2,978,1956
ESP_003,1,978,978
ESP_003,1,978,978
ESP_003,1,978,978
ESP_003,1,978,978
ESP_003,1,978,978
ESP_003,1,978,978
ESP_003,1,978,978
ESP_003,1,978,978
ESP_003,1,978,978
ESP_003,1,978,978
ESP_003,1,978,978
ESP_003,1,978,978
ESP_003,1,978,978
ESP_003,1,978,978
ESP_003,2,978,1956
ESP_003,3,978,2934
ESP_003,2,978,1956
ESP_003,2,978,1956
ESP_003,1,978,978
ESP_003,1,978,978
ESP_003,0,978,0
ESP_003,0,978,0
ESP_003,0,978,0
ESP_003,0,978,0
ESP_003,0,978,0
ESP_003,1,978,978
ESP_003,1,978,978
ESP_003,1,978,978
ESP_003,1,978,978
ESP_003,2,978,1956
ESP_003,1,978,978
ESP_003,1,978,978
ESP_003,2,978,1956
ESP_003,2,978,1956
ESP_003,2,978,1956
ESP_003,2,978,1956
ESP_003,2,978,1956
ESP_003,1,978,978
ESP_003,3,978,2934
ESP_003,3,978,2934
ESP_003,3,978,2934
ESP_003,3,978,2934
ESP_003,5,978,4890
ESP_003,5,978,4890
ESP_003,5,978,4890
ESP_003,3,978,2934
ESP_003,3,978,2934
ESP_003,3,978,2934
ESP_003,2,978,1956
ESP_003,1,978,978
ESP_003,1,978,978
ESP_003,1,978,978
ESP_003,1,978,978
ESP_003,1,978,978
ESP_003,0,978,0
ESP_003,0,978,0
ESP_003,0,978,0
ESP_003,0,978,0
ESP_003,0,978,0
ESP_003,0,978,0
ESP_003,0,978,0
ESP_003,0,978,0
ESP_003,0,978,0
ESP_003,0,978,0
ESP_003,4,978,3912
ESP_003,7,978,6846
ESP_003,9,978,8802
ESP_003,11,978,10758
ESP_003,6,978,5868
ESP_003,7,978,6846
ESP_003,6,978,5868
ESP_003,5,978,4890
ESP_003,6,978,5868
ESP_003,5,978,4890
ESP_003,6,978,5868
ESP_003,7,978,6846
ESP_003,7,978,6846
ESP_003,6,978,5868
ESP_003,6,978,5868
ESP_003,7,978,6846
ESP_003,7,978,6846
ESP_003,6,978,5868
ESP_003,5,978,4890
ESP_003,4,978,3912
ESP_003,7,978,6846
ESP_003,5,978,4890
ESP_003,7,978,6846
ESP_003,5,978,4890
ESP_003,6,978,5868
ESP_003,5,978,4890
ESP_003,8,978,7824
ESP_003,7,978,6846
ESP_003,15,978,14670
ESP_003,13,978,12714
ESP_003,6,978,5868
ESP_003,12,978,11736
ESP_003,12,978,11736
ESP_003,9,978,8802
ESP_003,8,978,7824
ESP_003,8,978,7824
ESP_003,4,978,3912
ESP_003,4,978,3912
ESP_003,4,978,3912
ESP_003,3,978,2934
ESP_003,2,978,1956
ESP_003,2,978,1956
ESP_003,3,978,2934
ESP_003,4,978,3912
ESP_003,5,978,4890
ESP_003,6,978,5868
ESP_003,5,978,4890
ESP_003,5,978,4890
ESP_003,6,978,5868
ESP_003,6,978,5868
ESP_003,4,978,3912
ESP_003,3,978,2934
ESP_003,3,978,2934
ESP_003,4,978,3912
ESP_003,3,978,2934
ESP_003,2,978,1956
ESP_003,1,978,978
ESP_003,4,978,3912
ESP_003,9,978,8802
ESP_003,10,978,9780
ESP_003,13,978,12714
ESP_003,11,978,10758
ESP_003,9,978,8802
ESP_003,4,978,3912
ESP_003,3,978,2934
ESP_003,4,978,3912
ESP_003,5,978,4890
ESP_003,3,978,2934
ESP_003,4,978,3912
ESP_003,3,978,2934
ESP_003,3,978,2934
ESP_003,5,978,4890
ESP_003,5,978,4890
ESP_003,6,978,5868
ESP_003,9,978,8802
ESP_003,6,978,5868
ESP_003,6,978,5868
ESP_003,11,978,10758
ESP_003,14,978,13692
ESP_003,11,978,10758
ESP_003,16,978,15648
ESP_003,10,978,9780
ESP_003,7,978,6846
ESP_003,11,978,10758
ESP_003,9,978,8802
ESP_003,3,978,2934
ESP_003,5,978,4890
ESP_003,5,978,4890
ESP_003,7,978,6846
ESP_003,4,978,3912
ESP_003,5,978,4890
ESP_003,4,978,3912
ESP_003,3,978,2934
ESP_003,6,978,5868
ESP_003,4,978,3912
ESP_003,6,978,5868
ESP_003,8,978,7824
ESP_003,7,978,6846
ESP_003,7,978,6846
ESP_003,6,978,5868
ESP_003,8,978,7824
ESP_003,6,978,5868
ESP_003,5,978,4890
ESP_003,5,978,4890
ESP_003,1,978,978
ESP_003,1,978,978
ESP_003,0,978,0
ESP_003,0,978,0
ESP_003,1,978,978
ESP_003,1,978,978
ESP_003,0,978,0
ESP_003,0,978,0
ESP_003,0,978,0
ESP_003,0,978,0
ESP_003,0,978,0
ESP_003,0,978,0
ESP_003,0,978,0
ESP_003,0,978,0
ESP_003,0,978,0
ESP_003,0,978,0
ESP_003,0,978,0
ESP_003,0,978,0
ESP_003,0,978,0
ESP_003,0,978,0
ESP_003,1,978,978
ESP_003,0,978,0
ESP_003,0,978,0
ESP_003,0,978,0
ESP_003,0,978,0
ESP_003,1,978,978
ESP_003,1,978,978
ESP_003,1,978,978
ESP_003,1,978,978
ESP_003,3,978,2934
ESP_003,1,978,978
ESP_003,1,978,978
ESP_003,1,978,978
ESP_003,1,978,978
ESP_003,0,978,0
ESP_003,1,978,978
ESP_003,0,978,0
ESP_003,0,978,0
ESP_003,0,978,0
ESP_003,0,978,0
ESP_003,0,978,0
ESP_003,0,978,0
ESP_003,0,978,0
ESP_003,0,978,0
ESP_003,0,978,0
ESP_003,0,978,0
ESP_003,1,978,978
ESP_003,1,978,978
ESP_003,2,978,1956
ESP_003,1,978,978
ESP_003,1,978,978
ESP_003,0,978,0
ESP_003,0,978,0
ESP_003,0,978,0
ESP_003,0,978,0
ESP_003,0,978,0
ESP_003,0,978,0
ESP_003,0,978,0
ESP_003,0,978,0
ESP_003,0,978,0
ESP_003,0,978,0
ESP_003,0,978,0
ESP_003,0,978,0
ESP_003,0,978,0
ESP_003,0,978,0
ESP_003,0,978,0
ESP_003,0,978,0
ESP_003,0,978,0
ESP_003,0,978,0
ESP_003,0,978,0
ESP_003,0,978,0
ESP_003,0,978,0
ESP_003,0,978,0
ESP_003,0,978,0
ESP_003,1,978,978
ESP_003,1,978,978
ESP_003,1,978,978
ESP_003,1,978,978
ESP_003,0,978,0
ESP_003,0,978,0
ESP_003,0,978,0
ESP_003,0,978,0
ESP_003,1,978,978
ESP_003,1,978,978
ESP_003,1,978,978
ESP_003,1,978,978
ESP_003,1,978,978
ESP_003,0,978,0
ESP_003,0,978,0
ESP_003,0,978,0
ESP_003,0,978,0
ESP_003,0,978,0
ESP_003,0,978,0
ESP_003,0,978,0
ESP_003,0,978,0
ESP_003,0,978,0
ESP_003,0,978,0
ESP_003,0,978,0
ESP_003,0,978,0
ESP_003,0,978,0
ESP_003,0,978,0
ESP_003,0,978,0
ESP_003,0,978,0
ESP_003,0,978,0
ESP_004,4,843,3372
ESP_004,4,843,3372
ESP_004,4,843,3372
ESP_004,3,843,2529
ESP_004,5,843,4215
ESP_004,5,843,4215
ESP_004,4,843,3372
ESP_004,3,843,2529
ESP_004,2,843,1686
ESP_004,2,843,1686
ESP_004,1,843,843
ESP_004,1,843,843
ESP_004,0,843,0
ESP_004,0,843,0
ESP_004,1,843,843
ESP_004,2,843,1686
ESP_004,2,843,1686
ESP_004,3,843,2529
ESP_004,2,843,1686
ESP_004,3,843,2529
ESP_004,3,843,2529
ESP_004,3,843,2529
ESP_004,4,843,3372
ESP_004,5,843,4215
ESP_004,4,843,3372
ESP_004,3,843,2529
ESP_004,3,843,2529
ESP_004,4,843,3372
ESP_004,3,843,2529
ESP_004,5,843,4215
ESP_004,5,843,4215
ESP_004,8,843,6744
ESP_004,7,843,5901
ESP_004,6,843,5058
ESP_004,10,843,8430
ESP_004,7,843,5901
ESP_004,8,843,6744
ESP_004,5,843,4215
ESP_004,3,843,2529
ESP_004,3,843,2529
ESP_004,4,843,3372
ESP_004,2,843,1686
ESP_004,2,843,1686
ESP_004,2,843,1686
ESP_004,1,843,843
ESP_004,1,843,843
ESP_004,0,843,0
ESP_004,0,843,0
ESP_004,0,843,0
ESP_004,0,843,0
ESP_004,0,843,0
ESP_004,0,843,0
ESP_004,0,843,0
ESP_004,0,843,0
ESP_004,1,843,843
ESP_004,2,843,1686
ESP_004,1,843,843
ESP_004,2,843,1686
ESP_004,3,843,2529
ESP_004,3,843,2529
ESP_004,3,843,2529
ESP_004,2,843,1686
ESP_004,2,843,1686
ESP_004,1,843,843
ESP_004,1,843,843
ESP_004,2,843,1686
ESP_004,2,843,1686
ESP_004,3,843,2529
ESP_004,4,843,3372
ESP_004,4,843,3372
ESP_004,5,843,4215
ESP_004,4,843,3372
ESP_004,6,843,5058
ESP_004,6,843,5058
ESP_004,6,843,5058
ESP_004,7,843,5901
ESP_004,6,843,5058
ESP_004,5,843,4215
ESP_004,5,843,4215
ESP_004,7,843,5901
ESP_004,5,843,4215
ESP_004,7,843,5901
ESP_004,6,843,5058
ESP_004,6,843,5058
ESP_004,7,843,5901
ESP_004,5,843,4215
ESP_004,5,843,4215
ESP_004,4,843,3372
ESP_004,3,843,2529
ESP_004,3,843,2529
ESP_004,3,843,2529
ESP_004,3,843,2529
ESP_004,3,843,2529
ESP_004,3,843,2529
ESP_004,2,843,1686
ESP_004,3,843,2529
ESP_004,3,843,2529
ESP_004,2,843,1686
ESP_004,2,843,1686
ESP_004,2,843,1686
ESP_004,1,843,843
ESP_004,2,843,1686
ESP_004,1,843,843
ESP_004,1,843,843
ESP_004,6,843,5058
ESP_004,6,843,5058
ESP_004,7,843,5901
ESP_004,6,843,5058
ESP_004,10,843,8430
ESP_004,7,843,5901
ESP_004,8,843,6744
ESP_004,7,843,5901
ESP_004,5,843,4215
ESP_004,5,843,4215
ESP_004,4,843,3372
ESP_004,3,843,2529
ESP_004,3,843,2529
ESP_004,3,843,2529
ESP_004,3,843,2529
ESP_004,3,843,2529
ESP_004,4,843,3372
ESP_004,3,843,2529
ESP_004,3,843,2529
ESP_004,3,843,2529
ESP_004,4,843,3372
ESP_004,6,843,5058
ESP_004,4,843,3372
ESP_004,6,843,5058
ESP_004,11,843,9273
ESP_004,4,843,3372
ESP_004,10,843,8430
ESP_004,7,843,5901
ESP_004,5,843,4215
ESP_004,7,843,5901
ESP_004,8,843,6744
ESP_004,6,843,5058
ESP_004,7,843,5901
ESP_004,8,843,6744
ESP_004,9,843,7587
ESP_004,6,843,5058
ESP_004,6,843,5058
ESP_004,4,843,3372
ESP_004,7,843,5901
ESP_004,6,843,5058
ESP_004,6,843,5058
ESP_004,7,843,5901
ESP_004,5,843,4215
ESP_004,5,843,4215
ESP_004,7,843,5901
ESP_004,7,843,5901
ESP_004,6,843,5058
ESP_004,5,843,4215
ESP_004,6,843,5058
ESP_004,6,843,5058
ESP_004,6,843,5058
ESP_004,5,843,4215
ESP_004,5,843,4215
ESP_004,5,843,4215
ESP_004,7,843,5901
ESP_004,7,843,5901
ESP_004,9,843,7587
ESP_004,5,843,4215
ESP_004,8,843,6744
ESP_004,9,843,7587
ESP_004,7,843,5901
ESP_004,7,843,5901
ESP_004,6,843,5058
ESP_004,5,843,4215
ESP_004,4,843,3372
ESP_004,4,843,3372
ESP_004,4,843,3372
ESP_004,3,843,2529
ESP_004,3,843,2529
ESP_004,3,843,2529
ESP_004,3,843,2529
ESP_004,4,843,3372
ESP_004,5,843,4215
ESP_004,6,843,5058
ESP_004,6,843,5058
ESP_004,6,843,5058
ESP_004,8,843,6744
ESP_004,7,843,5901
ESP_004,5,843,4215
ESP_004,6,843,5058
ESP_004,7,843,5901
ESP_004,5,843,4215
ESP_004,9,843,7587
ESP_004,10,843,8430
ESP_004,8,843,6744
ESP_004,9,843,7587
ESP_004,8,843,6744
ESP_004,5,843,4215
ESP_004,5,843,4215
ESP_004,4,843,3372
ESP_004,8,843,6744
ESP_004,6,843,5058
ESP_004,7,843,5901
ESP_004,7,843,5901
ESP_004,6,843,5058
ESP_004,7,843,5901
ESP_004,6,843,5058
ESP_004,5,843,4215
ESP_004,6,843,5058
ESP_004,4,843,3372
ESP_004,7,843,5901
ESP_004,5,843,4215
ESP_004,6,843,5058
ESP_004,3,843,2529
ESP_004,2,843,1686
ESP_004,4,843,3372
ESP_004,3,843,2529
ESP_004,3,843,2529
ESP_004,3,843,2529
ESP_004,2,843,1686
ESP_004,3,843,2529
ESP_004,2,843,1686
ESP_004,1,843,843
ESP_004,2,843,1686
ESP_004,2,843,1686
ESP_004,3,843,2529
ESP_004,3,843,2529
ESP_004,3,843,2529
ESP_004,2,843,1686
ESP_004,1,843,843
ESP_004,1,843,843
ESP_004,2,843,1686
ESP_004,2,843,1686
ESP_004,2,843,1686
ESP_004,2,843,1686
ESP_004,2,843,1686
ESP_004,2,843,1686
ESP_004,2,843,1686
ESP_004,4,843,3372
ESP_004,2,843,1686
ESP_004,2,843,1686
ESP_004,5,843,4215
ESP_004,5,843,4215
ESP_004,3,843,2529
ESP_004,2,843,1686
ESP_004,2,843,1686
ESP_004,2,843,1686
ESP_004,3,843,2529
ESP_004,6,843,5058
ESP_004,5,843,4215
ESP_004,2,843,1686
ESP_004,2,843,1686
ESP_004,3,843,2529
ESP_004,1,843,843
ESP_004,2,843,1686
ESP_004,2,843,1686
ESP_004,2,843,1686
ESP_004,1,843,843
ESP_004,2,843,1686
ESP_004,2,843,1686
ESP_004,1,843,843
ESP_004,1,843,843
ESP_004,2,843,1686
ESP_004,2,843,1686
ESP_004,1,843,843
ESP_004,1,843,843
ESP_004,1,843,843
ESP_004,2,843,1686
ESP_004,3,843,2529
ESP_004,2,843,1686
ESP_004,3,843,2529
ESP_004,2,843,1686
ESP_004,2,843,1686
ESP_004,1,843,843
ESP_004,2,843,1686
ESP_004,1,843,843
ESP_004,1,843,843
ESP_004,1,843,843
ESP_004,0,843,0
ESP_004,1,843,843
ESP_004,1,843,843
ESP_004,1,843,843
ESP_004,1,843,843
ESP_004,3,843,2529
ESP_004,2,843,1686
ESP_004,4,843,3372
ESP_004,4,843,3372
ESP_004,4,843,3372
ESP_004,4,843,3372
ESP_004,4,843,3372
ESP_004,6,843,5058
ESP_004,5,843,4215
ESP_004,2,843,1686
ESP_004,3,843,2529
ESP_004,2,843,1686
ESP_004,3,843,2529
ESP_004,3,843,2529
ESP_004,3,843,2529
ESP_004,2,843,1686
ESP_004,4,843,3372
ESP_004,4,843,3372
ESP_004,1,843,843
ESP_004,1,843,843
ESP_004,2,843,1686
ESP_004,1,843,843
ESP_004,1,843,843
ESP_004,1,843,843
ESP_004,1,843,843
ESP_004,1,843,843
ESP_004,1,843,843
ESP_004,1,843,843
ESP_004,1,843,843
ESP_004,0,843,0
ESP_004,0,843,0
ESP_004,0,843,0
ESP_004,0,843,0
ESP_004,0,843,0
ESP_004,0,843,0
ESP_004,4,843,3372
ESP_004,3,843,2529
ESP_004,6,843,5058
ESP_004,6,843,5058
ESP_004,7,843,5901
ESP_004,6,843,5058
ESP_004,7,843,5901
ESP_004,5,843,4215
ESP_004,4,843,3372
ESP_004,7,843,5901
ESP_004,4,843,3372
ESP_004,6,843,5058
ESP_004,5,843,4215
ESP_004,6,843,5058
ESP_004,4,843,3372
ESP_004,4,843,3372
ESP_004,3,843,2529
ESP_004,3,843,2529
ESP_004,3,843,2529
ESP_004,4,843,3372
ESP_004,3,843,2529
ESP_004,4,843,3372
ESP_004,4,843,3372
ESP_004,4,843,3372
ESP_004,4,843,3372
ESP_004,6,843,5058
ESP_004,7,843,5901
ESP_004,8,843,6744
ESP_004,10,843,8430
ESP_004,12,843,10116
ESP_004,11,843,9273
ESP_004,7,843,5901
ESP_004,6,843,5058
ESP_004,5,843,4215
ESP_004,6,843,5058
ESP_004,6,843,5058
ESP_004,5,843,4215
ESP_004,3,843,2529
ESP_004,2,843,1686
ESP_004,2,843,1686
ESP_004,1,843,843
ESP_004,1,843,843
ESP_004,1,843,843
ESP_004,3,843,2529
ESP_004,3,843,2529
ESP_004,3,843,2529
ESP_004,4,843,3372
ESP_004,6,843,5058
ESP_004,6,843,5058
ESP_004,3,843,2529
ESP_004,4,843,3372
ESP_004,2,843,1686
ESP_004,2,843,1686
ESP_004,2,843,1686
ESP_004,1,843,843
ESP_004,1,843,843
ESP_004,0,843,0
ESP_004,3,843,2529
ESP_004,6,843,5058
ESP_004,10,843,8430
ESP_004,16,843,13488
ESP_004,10,843,8430
ESP_004,5,843,4215
ESP_004,3,843,2529
ESP_004,2,843,1686
ESP_004,2,843,1686
ESP_004,1,843,843
ESP_004,1,843,843
ESP_004,1,843,843
ESP_004,2,843,1686
ESP_004,3,843,2529
ESP_004,2,843,1686
ESP_004,3,843,2529
ESP_004,3,843,2529
ESP_004,4,843,3372
ESP_004,6,843,5058
ESP_004,5,843,4215
ESP_004,8,843,6744
ESP_004,7,843,5901
ESP_004,11,843,9273
ESP_004,14,843,11802
ESP_004,11,843,9273
ESP_004,10,843,8430
ESP_004,11,843,9273
ESP_004,5,843,4215
ESP_004,4,843,3372
ESP_004,5,843,4215
ESP_004,2,843,1686
ESP_004,2,843,1686
ESP_004,2,843,1686
ESP_004,2,843,1686
ESP_004,2,843,1686
ESP_004,1,843,843
ESP_004,3,843,2529
ESP_004,3,843,2529
ESP_004,5,843,4215
ESP_004,6,843,5058
ESP_004,5,843,4215
ESP_004,4,843,3372
ESP_004,5,843,4215
ESP_004,4,843,3372
ESP_004,5,843,4215
ESP_004,5,843,4215
ESP_004,3,843,2529
ESP_004,2,843,1686
ESP_004,1,843,843
ESP_004,2,843,1686
ESP_004,2,843,1686
ESP_004,2,843,1686
ESP_004,1,843,843
ESP_004,1,843,843
ESP_004,1,843,843
ESP_004,0,843,0
ESP_004,0,843,0
ESP_004,0,843,0
ESP_004,0,843,0
ESP_004,0,843,0
ESP_004,0,843,0
ESP_004,0,843,0
ESP_004,1,843,843
ESP_004,1,843,843
ESP_004,1,843,843
ESP_004,1,843,843
ESP_004,1,843,843
ESP_004,2,843,1686
ESP_004,1,843,843
ESP_004,1,843,843
ESP_004,0,843,0
ESP_004,0,843,0
ESP_004,0,843,0
ESP_004,1,843,843
ESP_004,1,843,843
ESP_004,2,843,1686
ESP_004,2,843,1686
ESP_004,2,843,1686
ESP_004,3,843,2529
ESP_004,3,843,2529
ESP_004,2,843,1686
ESP_004,2,843,1686
ESP_004,1,843,843
ESP_004,1,843,843
ESP_004,1,843,843
ESP_004,1,843,843
ESP_004,2,843,1686
ESP_004,1,843,843
ESP_004,1,843,843
ESP_004,1,843,843
ESP_004,1,843,843
ESP_004,1,843,843
ESP_004,1,843,843
ESP_004,2,843,1686
ESP_004,1,843,843
ESP_004,4,843,3372
ESP_004,2,843,1686
ESP_004,1,843,843
ESP_004,2,843,1686
ESP_004,1,843,843
ESP_004,1,843,843
ESP_004,0,843,0
ESP_004,0,843,0
ESP_004,0,843,0
ESP_004,0,843,0
ESP_004,0,843,0
ESP_004,0,843,0
ESP_004,0,843,0
ESP_004,0,843,0
ESP_004,0,843,0
ESP_004,1,843,843
ESP_004,2,843,1686
ESP_004,1,843,843
ESP_004,1,843,843
ESP_004,0,843,0
ESP_004,1,843,843
ESP_004,0,843,0
ESP_004,1,843,843
ESP_004,0,843,0
ESP_004,0,843,0
ESP_004,1,843,843
ESP_004,3,843,2529
ESP_004,2,843,1686
ESP_004,3,843,2529
ESP_004,2,843,1686
ESP_004,1,843,843
ESP_004,1,843,843
ESP_004,1,843,843
ESP_004,1,843,843
ESP_004,3,843,2529
ESP_004,2,843,1686
ESP_004,2,843,1686
ESP_004,1,843,843
ESP_004,0,843,0
ESP_004,1,843,843
ESP_004,1,843,843
ESP_004,1,843,843
ESP_004,0,843,0
ESP_004,0,843,0
ESP_004,0,843,0
ESP_004,0,843,0
ESP_004,0,843,0
ESP_004,0,843,0
ESP_004,0,843,0
ESP_004,1,843,843
ESP_004,0,843,0
ESP_004,0,843,0
ESP_004,1,843,843
ESP_004,1,843,843
ESP_004,1,843,843
ESP_004,1,843,843
ESP_005,4,843,3372
ESP_005,3,843,2529
ESP_005,4,843,3372
ESP_005,3,843,2529
ESP_005,5,843,4215
ESP_005,3,843,2529
ESP_005,2,843,1686
ESP_005,2,843,1686
ESP_005,3,843,2529
ESP_005,1,843,843
ESP_005,1,843,843
ESP_005,1,843,843
ESP_005,1,843,843
ESP_005,1,843,843
ESP_005,1,843,843
ESP_005,2,843,1686
ESP_005,2,843,1686
ESP_005,2,843,1686
ESP_005,1,843,843
ESP_005,2,843,1686
ESP_005,2,843,1686
ESP_005,4,843,3372
ESP_005,4,843,3372
ESP_005,7,843,5901
ESP_005,5,843,4215
ESP_005,5,843,4215
ESP_005,2,843,1686
ESP_005,3,843,2529
ESP_005,2,843,1686
ESP_005,3,843,2529
ESP_005,5,843,4215
ESP_005,6,843,5058
ESP_005,5,843,4215
ESP_005,7,843,5901
ESP_005,6,843,5058
ESP_005,4,843,3372
ESP_005,5,843,4215
ESP_005,3,843,2529
ESP_005,2,843,1686
ESP_005,1,843,843
ESP_005,2,843,1686
ESP_005,2,843,1686
ESP_005,2,843,1686
ESP_005,1,843,843
ESP_005,1,843,843
ESP_005,1,843,843
ESP_005,0,843,0
ESP_005,0,843,0
ESP_005,0,843,0
ESP_005,0,843,0
ESP_005,0,843,0
ESP_005,0,843,0
ESP_005,0,843,0
ESP_005,0,843,0
ESP_005,0,843,0
ESP_005,1,843,843
ESP_005,1,843,843
ESP_005,1,843,843
ESP_005,2,843,1686
ESP_005,2,843,1686
ESP_005,4,843,3372
ESP_005,4,843,3372
ESP_005,2,843,1686
ESP_005,3,843,2529
ESP_005,2,843,1686
ESP_005,2,843,1686
ESP_005,3,843,2529
ESP_005,2,843,1686
ESP_005,3,843,2529
ESP_005,3,843,2529
ESP_005,3,843,2529
ESP_005,4,843,3372
ESP_005,3,843,2529
ESP_005,6,843,5058
ESP_005,6,843,5058
ESP_005,8,843,6744
ESP_005,11,843,9273
ESP_005,8,843,6744
ESP_005,2,843,1686
ESP_005,4,843,3372
ESP_005,4,843,3372
ESP_005,4,843,3372
ESP_005,3,843,2529
ESP_005,4,843,3372
ESP_005,3,843,2529
ESP_005,2,843,1686
ESP_005,3,843,2529
ESP_005,4,843,3372
ESP_005,2,843,1686
ESP_005,4,843,3372
ESP_005,2,843,1686
ESP_005,2,843,1686
ESP_005,2,843,1686
ESP_005,2,843,1686
ESP_005,3,843,2529
ESP_005,3,843,2529
ESP_005,3,843,2529
ESP_005,3,843,2529
ESP_005,3,843,2529
ESP_005,3,843,2529
ESP_005,3,843,2529
ESP_005,3,843,2529
ESP_005,4,843,3372
ESP_005,3,843,2529
ESP_005,9,843,7587
ESP_005,8,843,6744
ESP_005,9,843,7587
ESP_005,9,843,7587
ESP_005,10,843,8430
ESP_005,8,843,6744
ESP_005,7,843,5901
ESP_005,11,843,9273
ESP_005,9,843,7587
ESP_005,8,843,6744
ESP_005,5,843,4215
ESP_005,7,843,5901
ESP_005,6,843,5058
ESP_005,7,843,5901
ESP_005,8,843,6744
ESP_005,5,843,4215
ESP_005,8,843,6744
ESP_005,7,843,5901
ESP_005,9,843,7587
ESP_005,7,843,5901
ESP_005,8,843,6744
ESP_005,9,843,7587
ESP_005,13,843,10959
ESP_005,11,843,9273
ESP_005,9,843,7587
ESP_005,7,843,5901
ESP_005,6,843,5058
ESP_005,7,843,5901
ESP_005,8,843,6744
ESP_005,8,843,6744
ESP_005,10,843,8430
ESP_005,8,843,6744
ESP_005,11,843,9273
ESP_005,10,843,8430
ESP_005,12,843,10116
ESP_005,9,843,7587
ESP_005,8,843,6744
ESP_005,9,843,7587
ESP_005,8,843,6744
ESP_005,6,843,5058
ESP_005,6,843,5058
ESP_005,11,843,9273
ESP_005,8,843,6744
ESP_005,8,843,6744
ESP_005,8,843,6744
ESP_005,11,843,9273
ESP_005,9,843,7587
ESP_005,6,843,5058
ESP_005,7,843,5901
ESP_005,7,843,5901
ESP_005,7,843,5901
ESP_005,5,843,4215
ESP_005,6,843,5058
ESP_005,8,843,6744
ESP_005,10,843,8430
ESP_005,11,843,9273
ESP_005,7,843,5901
ESP_005,9,843,7587
ESP_005,7,843,5901
ESP_005,9,843,7587
ESP_005,10,843,8430
ESP_005,11,843,9273
ESP_005,6,843,5058
ESP_005,9,843,7587
ESP_005,8,843,6744
ESP_005,7,843,5901
ESP_005,6,843,5058
ESP_005,7,843,5901
ESP_005,7,843,5901
ESP_005,7,843,5901
ESP_005,8,843,6744
ESP_005,7,843,5901
ESP_005,10,843,8430
ESP_005,7,843,5901
ESP_005,8,843,6744
ESP_005,10,843,8430
ESP_005,10,843,8430
ESP_005,5,843,4215
ESP_005,6,843,5058
ESP_005,10,843,8430
ESP_005,8,843,6744
ESP_005,12,843,10116
ESP_005,11,843,9273
ESP_005,10,843,8430
ESP_005,11,843,9273
ESP_005,14,843,11802
ESP_005,7,843,5901
ESP_005,9,843,7587
ESP_005,10,843,8430
ESP_005,7,843,5901
ESP_005,7,843,5901
ESP_005,9,843,7587
ESP_005,10,843,8430
ESP_005,8,843,6744
ESP_005,7,843,5901
ESP_005,8,843,6744
ESP_005,4,843,3372
ESP_005,9,843,7587
ESP_005,8,843,6744
ESP_005,7,843,5901
ESP_005,5,843,4215
ESP_005,7,843,5901
ESP_005,7,843,5901
ESP_005,4,843,3372
ESP_005,2,843,1686
ESP_005,2,843,1686
ESP_005,1,843,843
ESP_005,3,843,2529
ESP_005,3,843,2529
ESP_005,1,843,843
ESP_005,2,843,1686
ESP_005,2,843,1686
ESP_005,2,843,1686
ESP_005,3,843,2529
ESP_005,2,843,1686
ESP_005,1,843,843
ESP_005,3,843,2529
ESP_005,4,843,3372
ESP_005,2,843,1686
ESP_005,1,843,843
ESP_005,1,843,843
ESP_005,1,843,843
ESP_005,1,843,843
ESP_005,1,843,843
ESP_005,1,843,843
ESP_005,1,843,843
ESP_005,2,843,1686
ESP_005,2,843,1686
ESP_005,4,843,3372
ESP_005,3,843,2529
ESP_005,2,843,1686
ESP_005,1,843,843
ESP_005,2,843,1686
ESP_005,3,843,2529
ESP_005,4,843,3372
ESP_005,3,843,2529
ESP_005,4,843,3372
ESP_005,3,843,2529
ESP_005,3,843,2529
ESP_005,3,843,2529
ESP_005,1,843,843
ESP_005,3,843,2529
ESP_005,3,843,2529
ESP_005,2,843,1686
ESP_005,2,843,1686
ESP_005,1,843,843
ESP_005,1,843,843
ESP_005,1,843,843
ESP_005,1,843,843
ESP_005,1,843,843
ESP_005,1,843,843
ESP_005,1,843,843
ESP_005,2,843,1686
ESP_005,1,843,843
ESP_005,2,843,1686
ESP_005,2,843,1686
ESP_005,1,843,843
ESP_005,1,843,843
ESP_005,3,843,2529
ESP_005,2,843,1686
ESP_005,2,843,1686
ESP_005,1,843,843
ESP_005,1,843,843
ESP_005,1,843,843
ESP_005,1,843,843
ESP_005,1,843,843
ESP_005,1,843,843
ESP_005,1,843,843
ESP_005,1,843,843
ESP_005,1,843,843
ESP_005,0,843,0
ESP_005,1,843,843
ESP_005,1,843,843
ESP_005,2,843,1686
ESP_005,1,843,843
ESP_005,3,843,2529
ESP_005,2,843,1686
ESP_005,2,843,1686
ESP_005,5,843,4215
ESP_005,4,843,3372
ESP_005,5,843,4215
ESP_005,3,843,2529
ESP_005,2,843,1686
ESP_005,4,843,3372
ESP_005,3,843,2529
ESP_005,2,843,1686
ESP_005,3,843,2529
ESP_005,3,843,2529
ESP_005,4,843,3372
ESP_005,3,843,2529
ESP_005,1,843,843
ESP_005,1,843,843
ESP_005,1,843,843
ESP_005,1,843,843
ESP_005,1,843,843
ESP_005,0,843,0
ESP_005,1,843,843
ESP_005,1,843,843
ESP_005,1,843,843
ESP_005,0,843,0
ESP_005,0,843,0
ESP_005,0,843,0
ESP_005,0,843,0
ESP_005,0,843,0
ESP_005,0,843,0
ESP_005,0,843,0
ESP_005,0,843,0
ESP_005,0,843,0
ESP_005,5,843,4215
ESP_005,5,843,4215
ESP_005,6,843,5058
ESP_005,7,843,5901
ESP_005,4,843,3372
ESP_005,5,843,4215
ESP_005,7,843,5901
ESP_005,9,843,7587
ESP_005,8,843,6744
ESP_005,9,843,7587
ESP_005,6,843,5058
ESP_005,7,843,5901
ESP_005,5,843,4215
ESP_005,6,843,5058
ESP_005,6,843,5058
ESP_005,6,843,5058
ESP_005,5,843,4215
ESP_005,4,843,3372
ESP_005,6,843,5058
ESP_005,2,843,1686
ESP_005,3,843,2529
ESP_005,7,843,5901
ESP_005,7,843,5901
ESP_005,8,843,6744
ESP_005,9,843,7587
ESP_005,7,843,5901
ESP_005,7,843,5901
ESP_005,9,843,7587
ESP_005,11,843,9273
ESP_005,16,843,13488
ESP_005,15,843,12645
ESP_005,11,843,9273
ESP_005,10,843,8430
ESP_005,9,843,7587
ESP_005,9,843,7587
ESP_005,8,843,6744
ESP_005,6,843,5058
ESP_005,4,843,3372
ESP_005,4,843,3372
ESP_005,2,843,1686
ESP_005,2,843,1686
ESP_005,2,843,1686
ESP_005,3,843,2529
ESP_005,4,843,3372
ESP_005,4,843,3372
ESP_005,5,843,4215
ESP_005,6,843,5058
ESP_005,6,843,5058
ESP_005,5,843,4215
ESP_005,6,843,5058
ESP_005,5,843,4215
ESP_005,4,843,3372
ESP_005,3,843,2529
ESP_005,5,843,4215
ESP_005,4,843,3372
ESP_005,2,843,1686
ESP_005,1,843,843
ESP_005,4,843,3372
ESP_005,9,843,7587
ESP_005,11,843,9273
ESP_005,18,843,15174
ESP_005,9,843,7587
ESP_005,12,843,10116
ESP_005,8,843,6744
ESP_005,3,843,2529
ESP_005,4,843,3372
ESP_005,4,843,3372
ESP_005,4,843,3372
ESP_005,5,843,4215
ESP_005,4,843,3372
ESP_005,4,843,3372
ESP_005,4,843,3372
ESP_005,4,843,3372
ESP_005,5,843,4215
ESP_005,7,843,5901
ESP_005,6,843,5058
ESP_005,6,843,5058
ESP_005,7,843,5901
ESP_005,14,843,11802
ESP_005,16,843,13488
ESP_005,11,843,9273
ESP_005,19,843,16017
ESP_005,15,843,12645
ESP_005,11,843,9273
ESP_005,6,843,5058
ESP_005,5,843,4215
ESP_005,7,843,5901
ESP_005,5,843,4215
ESP_005,5,843,4215
ESP_005,4,843,3372
ESP_005,3,843,2529
ESP_005,3,843,2529
ESP_005,3,843,2529
ESP_005,4,843,3372
ESP_005,4,843,3372
ESP_005,4,843,3372
ESP_005,7,843,5901
ESP_005,5,843,4215
ESP_005,6,843,5058
ESP_005,7,843,5901
ESP_005,5,843,4215
ESP_005,6,843,5058
ESP_005,5,843,4215
ESP_005,4,843,3372
ESP_005,1,843,843
ESP_005,1,843,843
ESP_005,1,843,843
ESP_005,1,843,843
ESP_005,1,843,843
ESP_005,1,843,843
ESP_005,1,843,843
ESP_005,0,843,0
ESP_005,0,843,0
ESP_005,0,843,0
ESP_005,0,843,0
ESP_005,0,843,0
ESP_005,0,843,0
ESP_005,0,843,0
ESP_005,0,843,0
ESP_005,0,843,0
ESP_005,1,843,843
ESP_005,1,843,843
ESP_005,1,843,843
ESP_005,1,843,843
ESP_005,1,843,843
ESP_005,1,843,843
ESP_005,1,843,843
ESP_005,0,843,0
ESP_005,0,843,0
ESP_005,1,843,843
ESP_005,1,843,843
ESP_005,1,843,843
ESP_005,3,843,2529
ESP_005,4,843,3372
ESP_005,3,843,2529
ESP_005,1,843,843
ESP_005,1,843,843
ESP_005,1,843,843
ESP_005,2,843,1686
ESP_005,1,843,843
ESP_005,1,843,843
ESP_005,1,843,843
ESP_005,1,843,843
ESP_005,1,843,843
ESP_005,1,843,843
ESP_005,1,843,843
ESP_005,1,843,843
ESP_005,1,843,843
ESP_005,1,843,843
ESP_005,1,843,843
ESP_005,1,843,843
ESP_005,1,843,843
ESP_005,1,843,843
ESP_005,1,843,843
ESP_005,1,843,843
ESP_005,1,843,843
ESP_005,0,843,0
ESP_005,1,843,843
ESP_005,0,843,0
ESP_005,0,843,0
ESP_005,0,843,0
ESP_005,0,843,0
ESP_005,0,843,0
ESP_005,0,843,0
ESP_005,0,843,0
ESP_005,1,843,843
ESP_005,1,843,843
ESP_005,1,843,843
ESP_005,1,843,843
ESP_005,2,843,1686
ESP_005,1,843,843
ESP_005,1,843,843
ESP_005,1,843,843
ESP_005,1,843,843
ESP_005,0,843,0
ESP_005,1,843,843
ESP_005,1,843,843
ESP_005,1,843,843
ESP_005,1,843,843
ESP_005,1,843,843
ESP_005,2,843,1686
ESP_005,2,843,1686
ESP_005,1,843,843
ESP_005,1,843,843
ESP_005,0,843,0
ESP_005,1,843,843
ESP_005,1,843,843
ESP_005,1,843,843
ESP_005,2,843,1686
ESP_005,1,843,843
ESP_005,1,843,843
ESP_005,1,843,843
ESP_005,1,843,843
ESP_005,1,843,843
ESP_005,0,843,0
ESP_005,0,843,0
ESP_005,0,843,0
ESP_005,0,843,0
ESP_005,0,843,0
ESP_005,1,843,843
ESP_005,1,843,843
ESP_005,2,843,1686
ESP_005,1,843,843
ESP_005,1,843,843
ESP_005,1,843,843
ESP_005,1,843,843
ESP_005,2,843,1686
ESP_005,1,843,843
ESP_006,4,372,1488
ESP_006,8,372,2976
ESP_006,7,372,2604
ESP_006,3,372,1116
ESP_006,7,372,2604
ESP_006,5,372,1860
ESP_006,7,372,2604
ESP_006,4,372,1488
ESP_006,7,372,2604
ESP_006,5,372,1860
ESP_006,4,372,1488
ESP_006,4,372,1488
ESP_006,2,372,744
ESP_006,3,372,1116
ESP_006,3,372,1116
ESP_006,4,372,1488
ESP_006,7,372,2604
ESP_006,3,372,1116
ESP_006,5,372,1860
ESP_006,3,372,1116
ESP_006,4,372,1488
ESP_006,4,372,1488
ESP_006,4,372,1488
ESP_006,7,372,2604
ESP_006,7,372,2604
ESP_006,7,372,2604
ESP_006,5,372,1860
ESP_006,4,372,1488
ESP_006,3,372,1116
ESP_006,4,372,1488
ESP_006,8,372,2976
ESP_006,11,372,4092
ESP_006,9,372,3348
ESP_006,5,372,1860
ESP_006,6,372,2232
ESP_006,5,372,1860
ESP_006,4,372,1488
ESP_006,5,372,1860
ESP_006,7,372,2604
ESP_006,4,372,1488
ESP_006,4,372,1488
ESP_006,4,372,1488
ESP_006,4,372,1488
ESP_006,3,372,1116
ESP_006,3,372,1116
ESP_006,2,372,744
ESP_006,3,372,1116
ESP_006,2,372,744
ESP_006,2,372,744
ESP_006,2,372,744
ESP_006,2,372,744
ESP_006,2,372,744
ESP_006,1,372,372
ESP_006,3,372,1116
ESP_006,2,372,744
ESP_006,3,372,1116
ESP_006,4,372,1488
ESP_006,3,372,1116
ESP_006,4,372,1488
ESP_006,5,372,1860
ESP_006,5,372,1860
ESP_006,5,372,1860
ESP_006,5,372,1860
ESP_006,5,372,1860
ESP_006,4,372,1488
ESP_006,5,372,1860
ESP_006,4,372,1488
ESP_006,4,372,1488
ESP_006,5,372,1860
ESP_006,6,372,2232
ESP_006,5,372,1860
ESP_006,2,372,744
ESP_006,4,372,1488
ESP_006,7,372,2604
ESP_006,9,372,3348
ESP_006,9,372,3348
ESP_006,9,372,3348
ESP_006,10,372,3720
ESP_006,2,372,744
ESP_006,5,372,1860
ESP_006,5,372,1860
ESP_006,3,372,1116
ESP_006,7,372,2604
ESP_006,6,372,2232
ESP_006,6,372,2232
ESP_006,6,372,2232
ESP_006,2,372,744
ESP_006,5,372,1860
ESP_006,4,372,1488
ESP_006,5,372,1860
ESP_006,2,372,744
ESP_006,4,372,1488
ESP_006,4,372,1488
ESP_006,4,372,1488
ESP_006,3,372,1116
ESP_006,5,372,1860
ESP_006,3,372,1116
ESP_006,3,372,1116
ESP_006,5,372,1860
ESP_006,5,372,1860
ESP_006,6,372,2232
ESP_006,6,372,2232
ESP_006,6,372,2232
ESP_006,9,372,3348
ESP_006,12,372,4464
ESP_006,15,372,5580
ESP_006,8,372,2976
ESP_006,13,372,4836
ESP_006,13,372,4836
ESP_006,13,372,4836
ESP_006,14,372,5208
ESP_006,12,372,4464
ESP_006,9,372,3348
ESP_006,12,372,4464
ESP_006,10,372,3720
ESP_006,8,372,2976
ESP_006,12,372,4464
ESP_006,10,372,3720
ESP_006,5,372,1860
ESP_006,11,372,4092
ESP_006,11,372,4092
ESP_006,9,372,3348
ESP_006,12,372,4464
ESP_006,11,372,4092
ESP_006,16,372,5952
ESP_006,10,372,3720
ESP_006,10,372,3720
ESP_006,12,372,4464
ESP_006,10,372,3720
ESP_006,10,372,3720
ESP_006,8,372,2976
ESP_006,14,372,5208
ESP_006,12,372,4464
ESP_006,13,372,4836
ESP_006,14,372,5208
ESP_006,10,372,3720
ESP_006,23,372,8556
ESP_006,16,372,5952
ESP_006,12,372,4464
ESP_006,15,372,5580
ESP_006,11,372,4092
ESP_006,12,372,4464
ESP_006,10,372,3720
ESP_006,8,372,2976
ESP_006,8,372,2976
ESP_006,12,372,4464
ESP_006,11,372,4092
ESP_006,12,372,4464
ESP_006,14,372,5208
ESP_006,11,372,4092
ESP_006,10,372,3720
ESP_006,12,372,4464
ESP_006,10,372,3720
ESP_006,14,372,5208
ESP_006,12,372,4464
ESP_006,8,372,2976
ESP_006,10,372,3720
ESP_006,13,372,4836
ESP_006,18,372,6696
ESP_006,11,372,4092
ESP_006,14,372,5208
ESP_006,11,372,4092
ESP_006,14,372,5208
ESP_006,16,372,5952
ESP_006,13,372,4836
ESP_006,11,372,4092
ESP_006,8,372,2976
ESP_006,9,372,3348
ESP_006,11,372,4092
ESP_006,10,372,3720
ESP_006,10,372,3720
ESP_006,13,372,4836
ESP_006,12,372,4464
ESP_006,13,372,4836
ESP_006,12,372,4464
ESP_006,12,372,4464
ESP_006,9,372,3348
ESP_006,7,372,2604
ESP_006,13,372,4836
ESP_006,9,372,3348
ESP_006,13,372,4836
ESP_006,7,372,2604
ESP_006,9,372,3348
ESP_006,9,372,3348
ESP_006,12,372,4464
ESP_006,13,372,4836
ESP_006,16,372,5952
ESP_006,15,372,5580
ESP_006,15,372,5580
ESP_006,11,372,4092
ESP_006,8,372,2976
ESP_006,14,372,5208
ESP_006,12,372,4464
ESP_006,11,372,4092
ESP_006,9,372,3348
ESP_006,8,372,2976
ESP_006,13,372,4836
ESP_006,10,372,3720
ESP_006,11,372,4092
ESP_006,14,372,5208
ESP_006,14,372,5208
ESP_006,7,372,2604
ESP_006,11,372,4092
ESP_006,11,372,4092
ESP_006,11,372,4092
ESP_006,8,372,2976
ESP_006,7,372,2604
ESP_006,10,372,3720
ESP_006,3,372,1116
ESP_006,2,372,744
ESP_006,2,372,744
ESP_006,4,372,1488
ESP_006,3,372,1116
ESP_006,3,372,1116
ESP_006,2,372,744
ESP_006,2,372,744
ESP_006,2,372,744
ESP_006,3,372,1116
ESP_006,3,372,1116
ESP_006,4,372,1488
ESP_006,6,372,2232
ESP_006,3,372,1116
ESP_006,4,372,1488
ESP_006,3,372,1116
ESP_006,3,372,1116
ESP_006,3,372,1116
ESP_006,3,372,1116
ESP_006,5,372,1860
ESP_006,2,372,744
ESP_006,3,372,1116
ESP_006,4,372,1488
ESP_006,5,372,1860
ESP_006,5,372,1860
ESP_006,7,372,2604
ESP_006,2,372,744
ESP_006,2,372,744
ESP_006,3,372,1116
ESP_006,1,372,372
ESP_006,2,372,744
ESP_006,3,372,1116
ESP_006,4,372,1488
ESP_006,3,372,1116
ESP_006,3,372,1116
ESP_006,2,372,744
ESP_006,3,372,1116
ESP_006,5,372,1860
ESP_006,4,372,1488
ESP_006,3,372,1116
ESP_006,2,372,744
ESP_006,2,372,744
ESP_006,3,372,1116
ESP_006,3,372,1116
ESP_006,3,372,1116
ESP_006,3,372,1116
ESP_006,3,372,1116
ESP_006,3,372,1116
ESP_006,3,372,1116
ESP_006,3,372,1116
ESP_006,4,372,1488
ESP_006,5,372,1860
ESP_006,2,372,744
ESP_006,3,372,1116
ESP_006,2,372,744
ESP_006,3,372,1116
ESP_006,4,372,1488
ESP_006,3,372,1116
ESP_006,2,372,744
ESP_006,3,372,1116
ESP_006,2,372,744
ESP_006,1,372,372
ESP_006,2,372,744
ESP_006,2,372,744
ESP_006,2,372,744
ESP_006,2,372,744
ESP_006,1,372,372
ESP_006,2,372,744
ESP_006,3,372,1116
ESP_006,3,372,1116
ESP_006,4,372,1488
ESP_006,4,372,1488
ESP_006,2,372,744
ESP_006,4,372,1488
ESP_006,5,372,1860
ESP_006,4,372,1488
ESP_006,6,372,2232
ESP_006,7,372,2604
ESP_006,4,372,1488
ESP_006,1,372,372
ESP_006,2,372,744
ESP_006,4,372,1488
ESP_006,4,372,1488
ESP_006,8,372,2976
ESP_006,4,372,1488
ESP_006,4,372,1488
ESP_006,3,372,1116
ESP_006,3,372,1116
ESP_006,2,372,744
ESP_006,3,372,1116
ESP_006,1,372,372
ESP_006,3,372,1116
ESP_006,1,372,372
ESP_006,2,372,744
ESP_006,3,372,1116
ESP_006,2,372,744
ESP_006,2,372,744
ESP_006,2,372,744
ESP_006,1,372,372
ESP_006,1,372,372
ESP_006,1,372,372
ESP_006,2,372,744
ESP_006,2,372,744
ESP_006,2,372,744
ESP_006,10,372,3720
ESP_006,14,372,5208
ESP_006,10,372,3720
ESP_006,13,372,4836
ESP_006,13,372,4836
ESP_006,12,372,4464
ESP_006,10,372,3720
ESP_006,14,372,5208
ESP_006,16,372,5952
ESP_006,15,372,5580
ESP_006,8,372,2976
ESP_006,10,372,3720
ESP_006,13,372,4836
ESP_006,15,372,5580
ESP_006,13,372,4836
ESP_006,14,372,5208
ESP_006,10,372,3720
ESP_006,10,372,3720
ESP_006,8,372,2976
ESP_006,8,372,2976
ESP_006,7,372,2604
ESP_006,12,372,4464
ESP_006,9,372,3348
ESP_006,10,372,3720
ESP_006,9,372,3348
ESP_006,6,372,2232
ESP_006,14,372,5208
ESP_006,13,372,4836
ESP_006,16,372,5952
ESP_006,15,372,5580
ESP_006,8,372,2976
ESP_006,14,372,5208
ESP_006,16,372,5952
ESP_006,12,372,4464
ESP_006,9,372,3348
ESP_006,11,372,4092
ESP_006,10,372,3720
ESP_006,10,372,3720
ESP_006,9,372,3348
ESP_006,6,372,2232
ESP_006,7,372,2604
ESP_006,6,372,2232
ESP_006,7,372,2604
ESP_006,6,372,2232
ESP_006,8,372,2976
ESP_006,6,372,2232
ESP_006,7,372,2604
ESP_006,8,372,2976
ESP_006,11,372,4092
ESP_006,8,372,2976
ESP_006,11,372,4092
ESP_006,4,372,1488
ESP_006,10,372,3720
ESP_006,8,372,2976
ESP_006,8,372,2976
ESP_006,7,372,2604
ESP_006,7,372,2604
ESP_006,8,372,2976
ESP_006,15,372,5580
ESP_006,18,372,6696
ESP_006,25,372,9300
ESP_006,16,372,5952
ESP_006,14,372,5208
ESP_006,11,372,4092
ESP_006,9,372,3348
ESP_006,6,372,2232
ESP_006,7,372,2604
ESP_006,11,372,4092
ESP_006,9,372,3348
ESP_006,8,372,2976
ESP_006,8,372,2976
ESP_006,7,372,2604
ESP_006,6,372,2232
ESP_006,9,372,3348
ESP_006,9,372,3348
ESP_006,9,372,3348
ESP_006,10,372,3720
ESP_006,12,372,4464
ESP_006,14,372,5208
ESP_006,17,372,6324
ESP_006,18,372,6696
ESP_006,14,372,5208
ESP_006,17,372,6324
ESP_006,10,372,3720
ESP_006,13,372,4836
ESP_006,10,372,3720
ESP_006,8,372,2976
ESP_006,7,372,2604
ESP_006,7,372,2604
ESP_006,8,372,2976
ESP_006,7,372,2604
ESP_006,8,372,2976
ESP_006,7,372,2604
ESP_006,6,372,2232
ESP_006,10,372,3720
ESP_006,9,372,3348
ESP_006,9,372,3348
ESP_006,10,372,3720
ESP_006,13,372,4836
ESP_006,11,372,4092
ESP_006,10,372,3720
ESP_006,9,372,3348
ESP_006,8,372,2976
ESP_006,6,372,2232
ESP_006,2,372,744
ESP_006,3,372,1116
ESP_006,3,372,1116
ESP_006,2,372,744
ESP_006,3,372,1116
ESP_006,2,372,744
ESP_006,1,372,372
ESP_006,1,372,372
ESP_006,1,372,372
ESP_006,2,372,744
ESP_006,1,372,372
ESP_006,1,372,372
ESP_006,1,372,372
ESP_006,1,372,372
ESP_006,2,372,744
ESP_006,1,372,372
ESP_006,1,372,372
ESP_006,2,372,744
ESP_006,1,372,372
ESP_006,2,372,744
ESP_006,2,372,744
ESP_006,3,372,1116
ESP_006,2,372,744
ESP_006,1,372,372
ESP_006,1,372,372
ESP_006,2,372,744
ESP_006,2,372,744
ESP_006,3,372,1116
ESP_006,2,372,744
ESP_006,3,372,1116
ESP_006,1,372,372
ESP_006,3,372,1116
ESP_006,3,372,1116
ESP_006,3,372,1116
ESP_006,1,372,372
ESP_006,2,372,744
ESP_006,2,372,744
ESP_006,2,372,744
ESP_006,2,372,744
ESP_006,1,372,372
ESP_006,2,372,744
ESP_006,2,372,744
ESP_006,2,372,744
ESP_006,1,372,372
ESP_006,1,372,372
ESP_006,2,372,744
ESP_006,1,372,372
ESP_006,3,372,1116
ESP_006,3,372,1116
ESP_006,1,372,372
ESP_006,2,372,744
ESP_006,2,372,744
ESP_006,1,372,372
ESP_006,2,372,744
ESP_006,0,372,0
ESP_006,1,372,372
ESP_006,1,372,372
ESP_006,1,372,372
ESP_006,1,372,372
ESP_006,1,372,372
ESP_006,1,372,372
ESP_006,2,372,744
ESP_006,1,372,372
ESP_006,2,372,744
ESP_006,3,372,1116
ESP_006,2,372,744
ESP_006,2,372,744
ESP_006,2,372,744
ESP_006,1,372,372
ESP_006,1,372,372
ESP_006,1,372,372
ESP_006,2,372,744
ESP_006,1,372,372
ESP_006,1,372,372
ESP_006,3,372,1116
ESP_006,3,372,1116
ESP_006,4,372,1488
ESP_006,4,372,1488
ESP_006,2,372,744
ESP_006,2,372,744
ESP_006,2,372,744
ESP_006,2,372,744
ESP_006,1,372,372
ESP_006,2,372,744
ESP_006,2,372,744
ESP_006,2,372,744
ESP_006,3,372,1116
ESP_006,1,372,372
ESP_006,1,372,372
ESP_006,1,372,372
ESP_006,1,372,372
ESP_006,0,372,0
ESP_006,1,372,372
ESP_006,1,372,372
ESP_006,1,372,372
ESP_006,1,372,372
ESP_006,2,372,744
ESP_006,1,372,372
ESP_006,1,372,372
ESP_006,1,372,372
ESP_006,1,372,372
ESP_006,2,372,744
ESP_006,1,372,372
ESP_006,2,372,744
ESP_007,2,1027,2054
ESP_007,2,1027,2054
ESP_007,2,1027,2054
ESP_007,2,1027,2054
ESP_007,1,1027,1027
ESP_007,3,1027,3081
ESP_007,2,1027,2054
ESP_007,1,1027,1027
ESP_007,1,1027,1027
ESP_007,1,1027,1027
ESP_007,1,1027,1027
ESP_007,0,1027,0
ESP_007,0,1027,0
ESP_007,0,1027,0
ESP_007,0,1027,0
ESP_007,1,1027,1027
ESP_007,2,1027,2054
ESP_007,1,1027,1027
ESP_007,1,1027,1027
ESP_007,1,1027,1027
ESP_007,1,1027,1027
ESP_007,2,1027,2054
ESP_007,2,1027,2054
ESP_007,3,1027,3081
ESP_007,6,1027,6162
ESP_007,4,1027,4108
ESP_007,2,1027,2054
ESP_007,2,1027,2054
ESP_007,2,1027,2054
ESP_007,3,1027,3081
ESP_007,4,1027,4108
ESP_007,3,1027,3081
ESP_007,3,1027,3081
ESP_007,4,1027,4108
ESP_007,5,1027,5135
ESP_007,3,1027,3081
ESP_007,4,1027,4108
ESP_007,3,1027,3081
ESP_007,2,1027,2054
ESP_007,2,1027,2054
ESP_007,1,1027,1027
ESP_007,1,1027,1027
ESP_007,1,1027,1027
ESP_007,1,1027,1027
ESP_007,0,1027,0
ESP_007,0,1027,0
ESP_007,0,1027,0
ESP_007,0,1027,0
ESP_007,0,1027,0
ESP_007,0,1027,0
ESP_007,0,1027,0
ESP_007,0,1027,0
ESP_007,0,1027,0
ESP_007,0,1027,0
ESP_007,0,1027,0
ESP_007,0,1027,0
ESP_007,1,1027,1027
ESP_007,1,1027,1027
ESP_007,2,1027,2054
ESP_007,1,1027,1027
ESP_007,2,1027,2054
ESP_007,2,1027,2054
ESP_007,1,1027,1027
ESP_007,1,1027,1027
ESP_007,0,1027,0
ESP_007,1,1027,1027
ESP_007,1,1027,1027
ESP_007,2,1027,2054
ESP_007,3,1027,3081
ESP_007,3,1027,3081
ESP_007,3,1027,3081
ESP_007,2,1027,2054
ESP_007,3,1027,3081
ESP_007,3,1027,3081
ESP_007,4,1027,4108
ESP_007,6,1027,6162
ESP_007,5,1027,5135
ESP_007,5,1027,5135
ESP_007,3,1027,3081
ESP_007,4,1027,4108
ESP_007,3,1027,3081
ESP_007,2,1027,2054
ESP_007,4,1027,4108
ESP_007,4,1027,4108
ESP_007,2,1027,2054
ESP_007,2,1027,2054
ESP_007,3,1027,3081
ESP_007,2,1027,2054
ESP_007,2,1027,2054
ESP_007,2,1027,2054
ESP_007,2,1027,2054
ESP_007,2,1027,2054
ESP_007,2,1027,2054
ESP_007,1,1027,1027
ESP_007,2,1027,2054
ESP_007,1,1027,1027
ESP_007,1,1027,1027
ESP_007,2,1027,2054
ESP_007,1,1027,1027
ESP_007,2,1027,2054
ESP_007,2,1027,2054
ESP_007,2,1027,2054
ESP_007,2,1027,2054
ESP_007,2,1027,2054
ESP_007,6,1027,6162
ESP_007,5,1027,5135
ESP_007,7,1027,7189
ESP_007,6,1027,6162
ESP_007,7,1027,7189
ESP_007,6,1027,6162
ESP_007,7,1027,7189
ESP_007,8,1027,8216
ESP_007,7,1027,7189
ESP_007,6,1027,6162
ESP_007,5,1027,5135
ESP_007,4,1027,4108
ESP_007,2,1027,2054
ESP_007,3,1027,3081
ESP_007,3,1027,3081
ESP_007,4,1027,4108
ESP_007,3,1027,3081
ESP_007,4,1027,4108
ESP_007,5,1027,5135
ESP_007,4,1027,4108
ESP_007,4,1027,4108
ESP_007,6,1027,6162
ESP_007,6,1027,6162
ESP_007,8,1027,8216
ESP_007,7,1027,7189
ESP_007,8,1027,8216
ESP_007,5,1027,5135
ESP_007,6,1027,6162
ESP_007,8,1027,8216
ESP_007,9,1027,9243
ESP_007,7,1027,7189
ESP_007,5,1027,5135
ESP_007,10,1027,10270
ESP_007,5,1027,5135
ESP_007,8,1027,8216
ESP_007,5,1027,5135
ESP_007,4,1027,4108
ESP_007,5,1027,5135
ESP_007,5,1027,5135
ESP_007,7,1027,7189
ESP_007,4,1027,4108
ESP_007,7,1027,7189
ESP_007,3,1027,3081
ESP_007,7,1027,7189
ESP_007,4,1027,4108
ESP_007,6,1027,6162
ESP_007,6,1027,6162
ESP_007,6,1027,6162
ESP_007,5,1027,5135
ESP_007,4,1027,4108
ESP_007,5,1027,5135
ESP_007,3,1027,3081
ESP_007,5,1027,5135
ESP_007,5,1027,5135
ESP_007,8,1027,8216
ESP_007,8,1027,8216
ESP_007,6,1027,6162
ESP_007,5,1027,5135
ESP_007,7,1027,7189
ESP_007,8,1027,8216
ESP_007,8,1027,8216
ESP_007,5,1027,5135
ESP_007,6,1027,6162
ESP_007,6,1027,6162
ESP_007,3,1027,3081
ESP_007,3,1027,3081
ESP_007,3,1027,3081
ESP_007,4,1027,4108
ESP_007,5,1027,5135
ESP_007,4,1027,4108
ESP_007,4,1027,4108
ESP_007,4,1027,4108
ESP_007,5,1027,5135
ESP_007,5,1027,5135
ESP_007,4,1027,4108
ESP_007,6,1027,6162
ESP_007,8,1027,8216
ESP_007,5,1027,5135
ESP_007,6,1027,6162
ESP_007,6,1027,6162
ESP_007,7,1027,7189
ESP_007,6,1027,6162
ESP_007,7,1027,7189
ESP_007,13,1027,13351
ESP_007,9,1027,9243
ESP_007,7,1027,7189
ESP_007,8,1027,8216
ESP_007,4,1027,4108
ESP_007,6,1027,6162
ESP_007,5,1027,5135
ESP_007,6,1027,6162
ESP_007,4,1027,4108
ESP_007,4,1027,4108
ESP_007,5,1027,5135
ESP_007,6,1027,6162
ESP_007,6,1027,6162
ESP_007,5,1027,5135
ESP_007,6,1027,6162
ESP_007,6,1027,6162
ESP_007,4,1027,4108
ESP_007,4,1027,4108
ESP_007,7,1027,7189
ESP_007,3,1027,3081
ESP_007,4,1027,4108
ESP_007,2,1027,2054
ESP_007,2,1027,2054
ESP_007,2,1027,2054
ESP_007,3,1027,3081
ESP_007,2,1027,2054
ESP_007,3,1027,3081
ESP_007,1,1027,1027
ESP_007,2,1027,2054
ESP_007,1,1027,1027
ESP_007,1,1027,1027
ESP_007,2,1027,2054
ESP_007,2,1027,2054
ESP_007,4,1027,4108
ESP_007,2,1027,2054
ESP_007,2,1027,2054
ESP_007,1,1027,1027
ESP_007,1,1027,1027
ESP_007,1,1027,1027
ESP_007,1,1027,1027
ESP_007,1,1027,1027
ESP_007,1,1027,1027
ESP_007,1,1027,1027
ESP_007,2,1027,2054
ESP_007,2,1027,2054
ESP_007,2,1027,2054
ESP_007,3,1027,3081
ESP_007,2,1027,2054
ESP_007,3,1027,3081
ESP_007,1,1027,1027
ESP_007,3,1027,3081
ESP_007,2,1027,2054
ESP_007,1,1027,1027
ESP_007,3,1027,3081
ESP_007,2,1027,2054
ESP_007,4,1027,4108
ESP_007,2,1027,2054
ESP_007,1,1027,1027
ESP_007,1,1027,1027
ESP_007,2,1027,2054
ESP_007,1,1027,1027
ESP_007,1,1027,1027
ESP_007,1,1027,1027
ESP_007,1,1027,1027
ESP_007,1,1027,1027
ESP_007,1,1027,1027
ESP_007,1,1027,1027
ESP_007,1,1027,1027
ESP_007,1,1027,1027
ESP_007,1,1027,1027
ESP_007,2,1027,2054
ESP_007,2,1027,2054
ESP_007,1,1027,1027
ESP_007,2,1027,2054
ESP_007,2,1027,2054
ESP_007,1,1027,1027
ESP_007,2,1027,2054
ESP_007,2,1027,2054
ESP_007,2,1027,2054
ESP_007,1,1027,1027
ESP_007,1,1027,1027
ESP_007,1,1027,1027
ESP_007,1,1027,1027
ESP_007,1,1027,1027
ESP_007,1,1027,1027
ESP_007,1,1027,1027
ESP_007,1,1027,1027
ESP_007,2,1027,2054
ESP_007,1,1027,1027
ESP_007,1,1027,1027
ESP_007,2,1027,2054
ESP_007,1,1027,1027
ESP_007,2,1027,2054
ESP_007,2,1027,2054
ESP_007,2,1027,2054
ESP_007,2,1027,2054
ESP_007,2,1027,2054
ESP_007,2,1027,2054
ESP_007,3,1027,3081
ESP_007,2,1027,2054
ESP_007,1,1027,1027
ESP_007,1,1027,1027
ESP_007,2,1027,2054
ESP_007,2,1027,2054
ESP_007,3,1027,3081
ESP_007,2,1027,2054
ESP_007,3,1027,3081
ESP_007,2,1027,2054
ESP_007,2,1027,2054
ESP_007,2,1027,2054
ESP_007,2,1027,2054
ESP_007,1,1027,1027
ESP_007,1,1027,1027
ESP_007,1,1027,1027
ESP_007,0,1027,0
ESP_007,1,1027,1027
ESP_007,0,1027,0
ESP_007,0,1027,0
ESP_007,0,1027,0
ESP_007,0,1027,0
ESP_007,0,1027,0
ESP_007,0,1027,0
ESP_007,0,1027,0
ESP_007,0,1027,0
ESP_007,0,1027,0
ESP_007,3,1027,3081
ESP_007,4,1027,4108
ESP_007,6,1027,6162
ESP_007,5,1027,5135
ESP_007,4,1027,4108
ESP_007,4,1027,4108
ESP_007,4,1027,4108
ESP_007,5,1027,5135
ESP_007,6,1027,6162
ESP_007,6,1027,6162
ESP_007,6,1027,6162
ESP_007,5,1027,5135
ESP_007,4,1027,4108
ESP_007,4,1027,4108
ESP_007,4,1027,4108
ESP_007,4,1027,4108
ESP_007,4,1027,4108
ESP_007,3,1027,3081
ESP_007,2,1027,2054
ESP_007,2,1027,2054
ESP_007,3,1027,3081
ESP_007,3,1027,3081
ESP_007,3,1027,3081
ESP_007,3,1027,3081
ESP_007,3,1027,3081
ESP_007,4,1027,4108
ESP_007,7,1027,7189
ESP_007,9,1027,9243
ESP_007,11,1027,11297
ESP_007,11,1027,11297
ESP_007,7,1027,7189
ESP_007,7,1027,7189
ESP_007,7,1027,7189
ESP_007,6,1027,6162
ESP_007,4,1027,4108
ESP_007,5,1027,5135
ESP_007,3,1027,3081
ESP_007,3,1027,3081
ESP_007,2,1027,2054
ESP_007,1,1027,1027
ESP_007,2,1027,2054
ESP_007,1,1027,1027
ESP_007,2,1027,2054
ESP_007,1,1027,1027
ESP_007,2,1027,2054
ESP_007,3,1027,3081
ESP_007,4,1027,4108
ESP_007,4,1027,4108
ESP_007,5,1027,5135
ESP_007,3,1027,3081
ESP_007,3,1027,3081
ESP_007,2,1027,2054
ESP_007,2,1027,2054
ESP_007,1,1027,1027
ESP_007,1,1027,1027
ESP_007,1,1027,1027
ESP_007,0,1027,0
ESP_007,4,1027,4108
ESP_007,6,1027,6162
ESP_007,11,1027,11297
ESP_007,15,1027,15405
ESP_007,10,1027,10270
ESP_007,7,1027,7189
ESP_007,3,1027,3081
ESP_007,1,1027,1027
ESP_007,1,1027,1027
ESP_007,2,1027,2054
ESP_007,1,1027,1027
ESP_007,2,1027,2054
ESP_007,1,1027,1027
ESP_007,2,1027,2054
ESP_007,1,1027,1027
ESP_007,1,1027,1027
ESP_007,3,1027,3081
ESP_007,4,1027,4108
ESP_007,5,1027,5135
ESP_007,4,1027,4108
ESP_007,5,1027,5135
ESP_007,10,1027,10270
ESP_007,11,1027,11297
ESP_007,16,1027,16432
ESP_007,12,1027,12324
ESP_007,8,1027,8216
ESP_007,6,1027,6162
ESP_007,4,1027,4108
ESP_007,4,1027,4108
ESP_007,2,1027,2054
ESP_007,1,1027,1027
ESP_007,2,1027,2054
ESP_007,1,1027,1027
ESP_007,1,1027,1027
ESP_007,1,1027,1027
ESP_007,0,1027,0
ESP_007,2,1027,2054
ESP_007,4,1027,4108
ESP_007,3,1027,3081
ESP_007,4,1027,4108
ESP_007,7,1027,7189
ESP_007,6,1027,6162
ESP_007,4,1027,4108
ESP_007,3,1027,3081
ESP_007,4,1027,4108
ESP_007,4,1027,4108
ESP_007,4,1027,4108
ESP_007,1,1027,1027
ESP_007,1,1027,1027
ESP_007,1,1027,1027
ESP_007,2,1027,2054
ESP_007,1,1027,1027
ESP_007,1,1027,1027
ESP_007,1,1027,1027
ESP_007,1,1027,1027
ESP_007,0,1027,0
ESP_007,0,1027,0
ESP_007,0,1027,0
ESP_007,0,1027,0
ESP_007,0,1027,0
ESP_007,0,1027,0
ESP_007,1,1027,1027
ESP_007,1,1027,1027
ESP_007,1,1027,1027
ESP_007,2,1027,2054
ESP_007,2,1027,2054
ESP_007,1,1027,1027
ESP_007,2,1027,2054
ESP_007,1,1027,1027
ESP_007,1,1027,1027
ESP_007,1,1027,1027
ESP_007,1,1027,1027
ESP_007,2,1027,2054
ESP_007,1,1027,1027
ESP_007,1,1027,1027
ESP_007,1,1027,1027
ESP_007,3,1027,3081
ESP_007,1,1027,1027
ESP_007,2,1027,2054
ESP_007,1,1027,1027
ESP_007,1,1027,1027
ESP_007,1,1027,1027
ESP_007,1,1027,1027
ESP_007,1,1027,1027
ESP_007,1,1027,1027
ESP_007,1,1027,1027
ESP_007,1,1027,1027
ESP_007,1,1027,1027
ESP_007,1,1027,1027
ESP_007,1,1027,1027
ESP_007,1,1027,1027
ESP_007,0,1027,0
ESP_007,1,1027,1027
ESP_007,1,1027,1027
ESP_007,1,1027,1027
ESP_007,1,1027,1027
ESP_007,2,1027,2054
ESP_007,0,1027,0
ESP_007,1,1027,1027
ESP_007,0,1027,0
ESP_007,0,1027,0
ESP_007,0,1027,0
ESP_007,0,1027,0
ESP_007,0,1027,0
ESP_007,0,1027,0
ESP_007,0,1027,0
ESP_007,0,1027,0
ESP_007,0,1027,0
ESP_007,0,1027,0
ESP_007,1,1027,1027
ESP_007,1,1027,1027
ESP_007,1,1027,1027
ESP_007,1,1027,1027
ESP_007,1,1027,1027
ESP_007,1,1027,1027
ESP_007,1,1027,1027
ESP_007,1,1027,1027
ESP_007,1,1027,1027
ESP_007,1,1027,1027
ESP_007,1,1027,1027
ESP_007,1,1027,1027
ESP_007,1,1027,1027
ESP_007,1,1027,1027
ESP_007,2,1027,2054
ESP_007,1,1027,1027
ESP_007,1,1027,1027
ESP_007,1,1027,1027
ESP_007,0,1027,0
ESP_007,1,1027,1027
ESP_007,2,1027,2054
ESP_007,1,1027,1027
ESP_007,2,1027,2054
ESP_007,2,1027,2054
ESP_007,1,1027,1027
ESP_007,1,1027,1027
ESP_007,1,1027,1027
ESP_007,0,1027,0
ESP_007,0,1027,0
ESP_007,0,1027,0
ESP_007,0,1027,0
ESP_007,0,1027,0
ESP_007,0,1027,0
ESP_007,1,1027,1027
ESP_007,0,1027,0
ESP_007,0,1027,0
ESP_007,0,1027,0
ESP_007,0,1027,0
ESP_007,0,1027,0
ESP_007,1,1027,1027
ESP_007,0,1027,0
ESP_007,1,1027,1027
ESP_008,1,843,843
ESP_008,1,843,843
ESP_008,1,843,843
ESP_008,2,843,1686
ESP_008,2,843,1686
ESP_008,2,843,1686
ESP_008,2,843,1686
ESP_008,2,843,1686
ESP_008,2,843,1686
ESP_008,1,843,843
ESP_008,0,843,0
ESP_008,0,843,0
ESP_008,0,843,0
ESP_008,0,843,0
ESP_008,1,843,843
ESP_008,2,843,1686
ESP_008,2,843,1686
ESP_008,1,843,843
ESP_008,1,843,843
ESP_008,2,843,1686
ESP_008,1,843,843
ESP_008,2,843,1686
ESP_008,2,843,1686
ESP_008,3,843,2529
ESP_008,4,843,3372
ESP_008,5,843,4215
ESP_008,2,843,1686
ESP_008,3,843,2529
ESP_008,2,843,1686
ESP_008,2,843,1686
ESP_008,2,843,1686
ESP_008,4,843,3372
ESP_008,4,843,3372
ESP_008,4,843,3372
ESP_008,3,843,2529
ESP_008,1,843,843
ESP_008,2,843,1686
ESP_008,4,843,3372
ESP_008,2,843,1686
ESP_008,1,843,843
ESP_008,1,843,843
ESP_008,1,843,843
ESP_008,1,843,843
ESP_008,1,843,843
ESP_008,1,843,843
ESP_008,1,843,843
ESP_008,1,843,843
ESP_008,1,843,843
ESP_008,0,843,0
ESP_008,0,843,0
ESP_008,0,843,0
ESP_008,0,843,0
ESP_008,0,843,0
ESP_008,0,843,0
ESP_008,0,843,0
ESP_008,1,843,843
ESP_008,1,843,843
ESP_008,1,843,843
ESP_008,1,843,843
ESP_008,1,843,843
ESP_008,2,843,1686
ESP_008,1,843,843
ESP_008,1,843,843
ESP_008,1,843,843
ESP_008,1,843,843
ESP_008,1,843,843
ESP_008,2,843,1686
ESP_008,2,843,1686
ESP_008,2,843,1686
ESP_008,3,843,2529
ESP_008,2,843,1686
ESP_008,3,843,2529
ESP_008,3,843,2529
ESP_008,3,843,2529
ESP_008,5,843,4215
ESP_008,5,843,4215
ESP_008,8,843,6744
ESP_008,6,843,5058
ESP_008,2,843,1686
ESP_008,3,843,2529
ESP_008,3,843,2529
ESP_008,3,843,2529
ESP_008,2,843,1686
ESP_008,2,843,1686
ESP_008,4,843,3372
ESP_008,3,843,2529
ESP_008,2,843,1686
ESP_008,1,843,843
ESP_008,1,843,843
ESP_008,2,843,1686
ESP_008,1,843,843
ESP_008,2,843,1686
ESP_008,1,843,843
ESP_008,1,843,843
ESP_008,1,843,843
ESP_008,1,843,843
ESP_008,1,843,843
ESP_008,3,843,2529
ESP_008,2,843,1686
ESP_008,1,843,843
ESP_008,2,843,1686
ESP_008,2,843,1686
ESP_008,2,843,1686
ESP_008,3,843,2529
ESP_008,2,843,1686
ESP_008,2,843,1686
ESP_008,3,843,2529
ESP_008,4,843,3372
ESP_008,4,843,3372
ESP_008,4,843,3372
ESP_008,5,843,4215
ESP_008,6,843,5058
ESP_008,3,843,2529
ESP_008,4,843,3372
ESP_008,3,843,2529
ESP_008,3,843,2529
ESP_008,3,843,2529
ESP_008,3,843,2529
ESP_008,2,843,1686
ESP_008,3,843,2529
ESP_008,2,843,1686
ESP_008,3,843,2529
ESP_008,2,843,1686
ESP_008,3,843,2529
ESP_008,5,843,4215
ESP_008,5,843,4215
ESP_008,4,843,3372
ESP_008,5,843,4215
ESP_008,11,843,9273
ESP_008,8,843,6744
ESP_008,4,843,3372
ESP_008,3,843,2529
ESP_008,4,843,3372
ESP_008,7,843,5901
ESP_008,5,843,4215
ESP_008,5,843,4215
ESP_008,4,843,3372
ESP_008,5,843,4215
ESP_008,4,843,3372
ESP_008,4,843,3372
ESP_008,3,843,2529
ESP_008,5,843,4215
ESP_008,3,843,2529
ESP_008,5,843,4215
ESP_008,3,843,2529
ESP_008,4,843,3372
ESP_008,5,843,4215
ESP_008,6,843,5058
ESP_008,5,843,4215
ESP_008,4,843,3372
ESP_008,4,843,3372
ESP_008,6,843,5058
ESP_008,5,843,4215
ESP_008,6,843,5058
ESP_008,6,843,5058
ESP_008,6,843,5058
ESP_008,4,843,3372
ESP_008,4,843,3372
ESP_008,6,843,5058
ESP_008,6,843,5058
ESP_008,7,843,5901
ESP_008,5,843,4215
ESP_008,6,843,5058
ESP_008,5,843,4215
ESP_008,5,843,4215
ESP_008,5,843,4215
ESP_008,6,843,5058
ESP_008,3,843,2529
ESP_008,3,843,2529
ESP_008,2,843,1686
ESP_008,3,843,2529
ESP_008,2,843,1686
ESP_008,3,843,2529
ESP_008,2,843,1686
ESP_008,5,843,4215
ESP_008,3,843,2529
ESP_008,2,843,1686
ESP_008,3,843,2529
ESP_008,4,843,3372
ESP_008,6,843,5058
ESP_008,6,843,5058
ESP_008,5,843,4215
ESP_008,5,843,4215
ESP_008,4,843,3372
ESP_008,5,843,4215
ESP_008,7,843,5901
ESP_008,6,843,5058
ESP_008,4,843,3372
ESP_008,5,843,4215
ESP_008,5,843,4215
ESP_008,4,843,3372
ESP_008,5,843,4215
ESP_008,5,843,4215
ESP_008,4,843,3372
ESP_008,3,843,2529
ESP_008,4,843,3372
ESP_008,4,843,3372
ESP_008,3,843,2529
ESP_008,5,843,4215
ESP_008,3,843,2529
ESP_008,5,843,4215
ESP_008,5,843,4215
ESP_008,5,843,4215
ESP_008,3,843,2529
ESP_008,2,843,1686
ESP_008,4,843,3372
ESP_008,4,843,3372
ESP_008,5,843,4215
ESP_008,2,843,1686
ESP_008,1,843,843
ESP_008,1,843,843
ESP_008,1,843,843
ESP_008,1,843,843
ESP_008,2,843,1686
ESP_008,1,843,843
ESP_008,0,843,0
ESP_008,0,843,0
ESP_008,1,843,843
ESP_008,1,843,843
ESP_008,2,843,1686
ESP_008,2,843,1686
ESP_008,1,843,843
ESP_008,1,843,843
ESP_008,1,843,843
ESP_008,1,843,843
ESP_008,1,843,843
ESP_008,1,843,843
ESP_008,1,843,843
ESP_008,1,843,843
ESP_008,2,843,1686
ESP_008,1,843,843
ESP_008,2,843,1686
ESP_008,4,843,3372
ESP_008,2,843,1686
ESP_008,1,843,843
ESP_008,1,843,843
ESP_008,1,843,843
ESP_008,1,843,843
ESP_008,2,843,1686
ESP_008,2,843,1686
ESP_008,2,843,1686
ESP_008,3,843,2529
ESP_008,1,843,843
ESP_008,1,843,843
ESP_008,2,843,1686
ESP_008,2,843,1686
ESP_008,1,843,843
ESP_008,1,843,843
ESP_008,1,843,843
ESP_008,1,843,843
ESP_008,1,843,843
ESP_008,1,843,843
ESP_008,1,843,843
ESP_008,1,843,843
ESP_008,1,843,843
ESP_008,1,843,843
ESP_008,0,843,0
ESP_008,1,843,843
ESP_008,2,843,1686
ESP_008,2,843,1686
ESP_008,1,843,843
ESP_008,1,843,843
ESP_008,1,843,843
ESP_008,1,843,843
ESP_008,2,843,1686
ESP_008,1,843,843
ESP_008,1,843,843
ESP_008,1,843,843
ESP_008,0,843,0
ESP_008,0,843,0
ESP_008,0,843,0
ESP_008,0,843,0
ESP_008,0,843,0
ESP_008,0,843,0
ESP_008,0,843,0
ESP_008,0,843,0
ESP_008,0,843,0
ESP_008,0,843,0
ESP_008,1,843,843
ESP_008,1,843,843
ESP_008,2,843,1686
ESP_008,1,843,843
ESP_008,2,843,1686
ESP_008,1,843,843
ESP_008,1,843,843
ESP_008,2,843,1686
ESP_008,2,843,1686
ESP_008,1,843,843
ESP_008,2,843,1686
ESP_008,3,843,2529
ESP_008,2,843,1686
ESP_008,3,843,2529
ESP_008,1,843,843
ESP_008,2,843,1686
ESP_008,2,843,1686
ESP_008,2,843,1686
ESP_008,1,843,843
ESP_008,1,843,843
ESP_008,0,843,0
ESP_008,0,843,0
ESP_008,0,843,0
ESP_008,0,843,0
ESP_008,0,843,0
ESP_008,0,843,0
ESP_008,0,843,0
ESP_008,0,843,0
ESP_008,0,843,0
ESP_008,0,843,0
ESP_008,0,843,0
ESP_008,0,843,0
ESP_008,0,843,0
ESP_008,0,843,0
ESP_008,4,843,3372
ESP_008,5,843,4215
ESP_008,6,843,5058
ESP_008,9,843,7587
ESP_008,9,843,7587
ESP_008,10,843,8430
ESP_008,8,843,6744
ESP_008,7,843,5901
ESP_008,7,843,5901
ESP_008,6,843,5058
ESP_008,7,843,5901
ESP_008,8,843,6744
ESP_008,8,843,6744
ESP_008,6,843,5058
ESP_008,6,843,5058
ESP_008,6,843,5058
ESP_008,4,843,3372
ESP_008,5,843,4215
ESP_008,3,843,2529
ESP_008,3,843,2529
ESP_008,4,843,3372
ESP_008,5,843,4215
ESP_008,5,843,4215
ESP_008,5,843,4215
ESP_008,4,843,3372
ESP_008,5,843,4215
ESP_008,5,843,4215
ESP_008,12,843,10116
ESP_008,11,843,9273
ESP_008,12,843,10116
ESP_008,9,843,7587
ESP_008,8,843,6744
ESP_008,7,843,5901
ESP_008,8,843,6744
ESP_008,7,843,5901
ESP_008,6,843,5058
ESP_008,3,843,2529
ESP_008,4,843,3372
ESP_008,4,843,3372
ESP_008,2,843,1686
ESP_008,1,843,843
ESP_008,2,843,1686
ESP_008,3,843,2529
ESP_008,3,843,2529
ESP_008,3,843,2529
ESP_008,4,843,3372
ESP_008,4,843,3372
ESP_008,5,843,4215
ESP_008,6,843,5058
ESP_008,3,843,2529
ESP_008,4,843,3372
ESP_008,3,843,2529
ESP_008,4,843,3372
ESP_008,2,843,1686
ESP_008,2,843,1686
ESP_008,1,843,843
ESP_008,0,843,0
ESP_008,4,843,3372
ESP_008,7,843,5901
ESP_008,9,843,7587
ESP_008,17,843,14331
ESP_008,10,843,8430
ESP_008,9,843,7587
ESP_008,6,843,5058
ESP_008,3,843,2529
ESP_008,4,843,3372
ESP_008,3,843,2529
ESP_008,3,843,2529
ESP_008,5,843,4215
ESP_008,4,843,3372
ESP_008,5,843,4215
ESP_008,3,843,2529
ESP_008,5,843,4215
ESP_008,5,843,4215
ESP_008,6,843,5058
ESP_008,6,843,5058
ESP_008,7,843,5901
ESP_008,8,843,6744
ESP_008,9,843,7587
ESP_008,11,843,9273
ESP_008,13,843,10959
ESP_008,11,843,9273
ESP_008,12,843,10116
ESP_008,7,843,5901
ESP_008,5,843,4215
ESP_008,5,843,4215
ESP_008,7,843,5901
ESP_008,6,843,5058
ESP_008,3,843,2529
ESP_008,4,843,3372
ESP_008,3,843,2529
ESP_008,4,843,3372
ESP_008,4,843,3372
ESP_008,3,843,2529
ESP_008,7,843,5901
ESP_008,8,843,6744
ESP_008,8,843,6744
ESP_008,7,843,5901
ESP_008,6,843,5058
ESP_008,3,843,2529
ESP_008,5,843,4215
ESP_008,7,843,5901
ESP_008,5,843,4215
ESP_008,4,843,3372
ESP_008,1,843,843
ESP_008,0,843,0
ESP_008,0,843,0
ESP_008,0,843,0
ESP_008,0,843,0
ESP_008,0,843,0
ESP_008,0,843,0
ESP_008,0,843,0
ESP_008,0,843,0
ESP_008,0,843,0
ESP_008,0,843,0
ESP_008,0,843,0
ESP_008,0,843,0
ESP_008,0,843,0
ESP_008,0,843,0
ESP_008,0,843,0
ESP_008,0,843,0
ESP_008,0,843,0
ESP_008,0,843,0
ESP_008,0,843,0
ESP_008,0,843,0
ESP_008,0,843,0
ESP_008,0,843,0
ESP_008,0,843,0
ESP_008,0,843,0
ESP_008,0,843,0
ESP_008,1,843,843
ESP_008,2,843,1686
ESP_008,3,843,2529
ESP_008,1,843,843
ESP_008,1,843,843
ESP_008,1,843,843
ESP_008,1,843,843
ESP_008,1,843,843
ESP_008,0,843,0
ESP_008,0,843,0
ESP_008,0,843,0
ESP_008,0,843,0
ESP_008,0,843,0
ESP_008,0,843,0
ESP_008,0,843,0
ESP_008,0,843,0
ESP_008,0,843,0
ESP_008,0,843,0
ESP_008,0,843,0
ESP_008,0,843,0
ESP_008,0,843,0
ESP_008,1,843,843
ESP_008,1,843,843
ESP_008,1,843,843
ESP_008,1,843,843
ESP_008,0,843,0
ESP_008,0,843,0
ESP_008,0,843,0
ESP_008,0,843,0
ESP_008,0,843,0
ESP_008,0,843,0
ESP_008,0,843,0
ESP_008,0,843,0
ESP_008,0,843,0
ESP_008,0,843,0
ESP_008,0,843,0
ESP_008,0,843,0
ESP_008,0,843,0
ESP_008,0,843,0
ESP_008,0,843,0
ESP_008,0,843,0
ESP_008,0,843,0
ESP_008,0,843,0
ESP_008,0,843,0
ESP_008,0,843,0
ESP_008,0,843,0
ESP_008,0,843,0
ESP_008,0,843,0
ESP_008,0,843,0
ESP_008,1,843,843
ESP_008,1,843,843
ESP_008,1,843,843
ESP_008,0,843,0
ESP_008,0,843,0
ESP_008,0,843,0
ESP_008,0,843,0
ESP_008,0,843,0
ESP_008,1,843,843
ESP_008,1,843,843
ESP_008,0,843,0
ESP_008,0,843,0
ESP_008,0,843,0
ESP_008,0,843,0
ESP_008,0,843,0
ESP_008,0,843,0
ESP_008,0,843,0
ESP_008,0,843,0
ESP_008,0,843,0
ESP_008,0,843,0
ESP_008,0,843,0
ESP_008,0,843,0
ESP_008,0,843,0
ESP_008,0,843,0
ESP_008,0,843,0
ESP_008,0,843,0
ESP_008,0,843,0
ESP_008,0,843,0
ESP_008,0,843,0
